{"name":"31bcfe2d-99a7-4cb2-a378-c82c139489c2","id":"/providers/Microsoft.Flow/flows/31bcfe2d-99a7-4cb2-a378-c82c139489c2","type":"Microsoft.Flow/flows","properties":{"apiId":"/providers/Microsoft.PowerApps/apis/shared_logicflows","displayName":"Scheduled DD365","definition":{"$schema":"https://schema.management.azure.com/providers/Microsoft.Logic/schemas/2016-06-01/workflowdefinition.json#","contentVersion":"1.0.0.0","parameters":{"$connections":{"defaultValue":{},"type":"Object"},"$authentication":{"defaultValue":{},"type":"SecureObject"}},"triggers":{"Recurrence":{"recurrence":{"frequency":"Hour","interval":1,"startTime":"2019-09-23T04:30:00Z"},"type":"Recurrence"}},"actions":{"HTTP":{"runAfter":{"Initialize_variable_2":["Succeeded"]},"type":"Http","inputs":{"method":"POST","uri":"@{variables('Web Job URI')}@{variables('Details')}","headers":{"x-functions-key":"aLcmKKd2bWyrfErJ4dj6coVafHxCWdBZv16wHqwUffss1NoeLgKFEQ=="},"authentication":{"type":"Basic","username":"$CICDAutomationTools","password":"L6xz6D6fy3EG2JKPorL8T35CWx7jx4tifcspn6LiyMAfrYLwPkul7D682RAb"}}},"Initialize_variable":{"runAfter":{"TFSUser":["Succeeded"]},"type":"InitializeVariable","inputs":{"variables":[{"name":"Details","type":"String","value":"D365=@{body('CRMSourceServiceUrl')?['name']}&D365INST=@{body('CRMSourceInstanceUrl')?['name']}&DU=@{body('CRMUserName')?['name']}&DP=@{body('CRMSourcePassword')?['name']}&GU=@{body('GitUserName')?['name']}&GP=@{body('GitPassword')?['name']}&TU=@{body('TFSUser')?['name']}&TP=@{body('TFSPassword')?['name']}&AR=Scheduled"}]}},"CRMSourceInstanceUrl":{"runAfter":{},"metadata":{"flowSystemMetadata":{"swaggerOperationId":"GetSecret"}},"type":"ApiConnection","inputs":{"host":{"connection":{"name":"@parameters('$connections')['shared_keyvault']['connectionId']"}},"method":"get","path":"/secrets/@{encodeURIComponent('CRMSourceInstanceUrl')}/value","authentication":"@parameters('$authentication')"}},"CRMUserName":{"runAfter":{"CRMSourceServiceUrl":["Succeeded"]},"metadata":{"flowSystemMetadata":{"swaggerOperationId":"GetSecret"}},"type":"ApiConnection","inputs":{"host":{"connection":{"name":"@parameters('$connections')['shared_keyvault']['connectionId']"}},"method":"get","path":"/secrets/@{encodeURIComponent('CRMSourceUserName')}/value","authentication":"@parameters('$authentication')"}},"CRMSourcePassword":{"runAfter":{"CRMUserName":["Succeeded"]},"metadata":{"flowSystemMetadata":{"swaggerOperationId":"GetSecret"}},"type":"ApiConnection","inputs":{"host":{"connection":{"name":"@parameters('$connections')['shared_keyvault']['connectionId']"}},"method":"get","path":"/secrets/@{encodeURIComponent('CRMSourcePassword')}/value","authentication":"@parameters('$authentication')"}},"GitUserName":{"runAfter":{"CRMSourcePassword":["Succeeded"]},"metadata":{"flowSystemMetadata":{"swaggerOperationId":"GetSecret"}},"type":"ApiConnection","inputs":{"host":{"connection":{"name":"@parameters('$connections')['shared_keyvault']['connectionId']"}},"method":"get","path":"/secrets/@{encodeURIComponent('GitUserName')}/value","authentication":"@parameters('$authentication')"}},"GitPassword":{"runAfter":{"GitUserName":["Succeeded"]},"metadata":{"flowSystemMetadata":{"swaggerOperationId":"GetSecret"}},"type":"ApiConnection","inputs":{"host":{"connection":{"name":"@parameters('$connections')['shared_keyvault']['connectionId']"}},"method":"get","path":"/secrets/@{encodeURIComponent('GitPassword')}/value","authentication":"@parameters('$authentication')"}},"TFSPassword":{"runAfter":{"GitPassword":["Succeeded"]},"metadata":{"flowSystemMetadata":{"swaggerOperationId":"GetSecret"}},"type":"ApiConnection","inputs":{"host":{"connection":{"name":"@parameters('$connections')['shared_keyvault']['connectionId']"}},"method":"get","path":"/secrets/@{encodeURIComponent('TFSPassword')}/value","authentication":"@parameters('$authentication')"}},"TFSUser":{"runAfter":{"TFSPassword":["Succeeded"]},"metadata":{"flowSystemMetadata":{"swaggerOperationId":"GetSecret"}},"type":"ApiConnection","inputs":{"host":{"connection":{"name":"@parameters('$connections')['shared_keyvault']['connectionId']"}},"method":"get","path":"/secrets/@{encodeURIComponent('TFSUser')}/value","authentication":"@parameters('$authentication')"}},"Initialize_variable_2":{"runAfter":{"Initialize_variable":["Succeeded"]},"type":"InitializeVariable","inputs":{"variables":[{"name":"Web Job URI","type":"String","value":"https://cicdazurefunction.azurewebsites.net/api/AzureFunction?"}]}},"CRMSourceServiceUrl":{"runAfter":{"CRMSourceInstanceUrl":["Succeeded"]},"metadata":{"flowSystemMetadata":{"swaggerOperationId":"GetSecret"}},"type":"ApiConnection","inputs":{"host":{"connection":{"name":"@parameters('$connections')['shared_keyvault']['connectionId']"}},"method":"get","path":"/secrets/@{encodeURIComponent('CRMSourceServiceUrl')}/value","authentication":"@parameters('$authentication')"}}}},"connectionReferences":{"shared_keyvault":{"connectionName":"shared-keyvault-a9124726-22cf-44a9-8153-ff1b37b63755","source":"Embedded","id":"/providers/Microsoft.PowerApps/apis/shared_keyvault","tier":"NotSpecified"}},"flowFailureAlertSubscribed":false}}