{"name":"77b5b8f7-0603-4c5e-a4d9-7e8fa8fe0c3c","id":"/providers/Microsoft.Flow/flows/77b5b8f7-0603-4c5e-a4d9-7e8fa8fe0c3c","type":"Microsoft.Flow/flows","properties":{"apiId":"/providers/Microsoft.PowerApps/apis/shared_logicflows","displayName":"AzureTriggerCRMSolutionManager","definition":{"metadata":{"workflowEntityId":null,"creator":{"id":"624bcded-2c2f-45a2-be40-ab9ddedf8675","type":"User","tenantId":"d9a1b506-a006-4359-966b-696cb2dad64d"},"provisioningMethod":"FromDefinition","failureAlertSubscription":true,"clientLastModifiedTime":"2019-09-26T11:13:24.3564858Z"},"$schema":"https://schema.management.azure.com/providers/Microsoft.Logic/schemas/2016-06-01/workflowdefinition.json#","contentVersion":"1.0.0.0","parameters":{"$connections":{"defaultValue":{},"type":"Object"},"$authentication":{"defaultValue":{},"type":"SecureObject"}},"triggers":{"When_a_record_is_created_or_updated":{"recurrence":{"interval":1,"frequency":"Minute"},"splitOn":"@triggerBody()?['value']","metadata":{"flowSystemMetadata":{"swaggerOperationId":"GetOnUpdatedItems_V2"}},"type":"ApiConnection","inputs":{"host":{"connection":{"name":"@parameters('$connections')['shared_dynamicscrmonline']['connectionId']"},"api":{"runtimeUrl":"https://india-001.azure-apim.net/apim/dynamicscrmonline"}},"method":"get","path":"/v2/datasets/@{encodeURIComponent(encodeURIComponent('orgb73ad31e.crm8'))}/tables/@{encodeURIComponent(encodeURIComponent('syed_sourcecontrolqueues'))}/onupdateditems","authentication":"@parameters('$authentication')"}}},"actions":{"Condition":{"actions":{"HTTP":{"runAfter":{},"type":"Http","inputs":{"method":"POST","uri":"@{variables('Web Job URI')}@{variables('Details')}","authentication":{"type":"Basic","username":"$CICDAutomationTools","password":"L6xz6D6fy3EG2JKPorL8T35CWx7jx4tifcspn6LiyMAfrYLwPkul7D682RAb"}}}},"runAfter":{"Web_Job_URI":["Succeeded"]},"expression":{"equals":["@triggerBody()?['syed_status']","Queued"]},"type":"If"},"CRMOrgnizationURL":{"runAfter":{},"metadata":{"flowSystemMetadata":{"swaggerOperationId":"GetSecret"}},"type":"ApiConnection","inputs":{"host":{"connection":{"name":"@parameters('$connections')['shared_keyvault']['connectionId']"},"api":{"runtimeUrl":"https://india-001.azure-apim.net/apim/keyvault"}},"method":"get","path":"/secrets/@{encodeURIComponent('CRMSourceInstanceUrl')}/value","authentication":"@parameters('$authentication')"}},"CRMUserName":{"runAfter":{"CRMOrgnizationURL":["Succeeded"]},"metadata":{"flowSystemMetadata":{"swaggerOperationId":"GetSecret"}},"type":"ApiConnection","inputs":{"host":{"connection":{"name":"@parameters('$connections')['shared_keyvault']['connectionId']"},"api":{"runtimeUrl":"https://india-001.azure-apim.net/apim/keyvault"}},"method":"get","path":"/secrets/@{encodeURIComponent('CRMSourceUserName')}/value","authentication":"@parameters('$authentication')"}},"CRMSourcePassword":{"runAfter":{"CRMUserName":["Succeeded"]},"metadata":{"flowSystemMetadata":{"swaggerOperationId":"GetSecret"}},"type":"ApiConnection","inputs":{"host":{"connection":{"name":"@parameters('$connections')['shared_keyvault']['connectionId']"},"api":{"runtimeUrl":"https://india-001.azure-apim.net/apim/keyvault"}},"method":"get","path":"/secrets/@{encodeURIComponent('CRMSourcePassword')}/value","authentication":"@parameters('$authentication')"}},"GitUserName":{"runAfter":{"CRMSourcePassword":["Succeeded"]},"metadata":{"flowSystemMetadata":{"swaggerOperationId":"GetSecret"}},"type":"ApiConnection","inputs":{"host":{"connection":{"name":"@parameters('$connections')['shared_keyvault']['connectionId']"},"api":{"runtimeUrl":"https://india-001.azure-apim.net/apim/keyvault"}},"method":"get","path":"/secrets/@{encodeURIComponent('GitUserName')}/value","authentication":"@parameters('$authentication')"}},"GitPassword":{"runAfter":{"GitUserName":["Succeeded"]},"metadata":{"flowSystemMetadata":{"swaggerOperationId":"GetSecret"}},"type":"ApiConnection","inputs":{"host":{"connection":{"name":"@parameters('$connections')['shared_keyvault']['connectionId']"},"api":{"runtimeUrl":"https://india-001.azure-apim.net/apim/keyvault"}},"method":"get","path":"/secrets/@{encodeURIComponent('GitPassword')}/value","authentication":"@parameters('$authentication')"}},"TFSPassword":{"runAfter":{"GitPassword":["Succeeded"]},"metadata":{"flowSystemMetadata":{"swaggerOperationId":"GetSecret"}},"type":"ApiConnection","inputs":{"host":{"connection":{"name":"@parameters('$connections')['shared_keyvault']['connectionId']"},"api":{"runtimeUrl":"https://india-001.azure-apim.net/apim/keyvault"}},"method":"get","path":"/secrets/@{encodeURIComponent('TFSPassword')}/value","authentication":"@parameters('$authentication')"}},"Details":{"runAfter":{"TFSUser":["Succeeded"]},"type":"InitializeVariable","inputs":{"variables":[{"name":"Details","type":"String","value":"D365=@{body('CRMOrgnizationURL')?['value']} DU=@{body('CRMUserName')?['value']}  DP=@{body('CRMSourcePassword')?['value']}  GU=@{body('GitUserName')?['value']}  GP=@{body('GitPassword')?['value']} TU=@{body('TFSUser')?['value']}  TP=@{body('TFSPassword')?['value']}  AR=WEB"}]}},"TFSUser":{"runAfter":{"TFSPassword":["Succeeded"]},"metadata":{"flowSystemMetadata":{"swaggerOperationId":"GetSecret"}},"type":"ApiConnection","inputs":{"host":{"connection":{"name":"@parameters('$connections')['shared_keyvault']['connectionId']"},"api":{"runtimeUrl":"https://india-001.azure-apim.net/apim/keyvault"}},"method":"get","path":"/secrets/@{encodeURIComponent('TFSUser')}/value","authentication":"@parameters('$authentication')"}},"Web_Job_URI":{"runAfter":{"Details":["Succeeded"]},"type":"InitializeVariable","inputs":{"variables":[{"name":"Web Job URI","type":"String","value":"https://cicdautomationtools.scm.azurewebsites.net/api/triggeredwebjobs/CICDTool/run/?arguments="}]}}}},"connectionReferences":{"shared_keyvault":{"connectionName":"028242c6140842c5b3f92799f0dc0524","source":"Embedded","id":"/providers/Microsoft.PowerApps/apis/shared_keyvault","tier":"NotSpecified"},"shared_dynamicscrmonline":{"connectionName":"shared-dynamicscrmon-020ca753-2505-4c8e-ab5e-b19b7beead3c","source":"Embedded","id":"/providers/Microsoft.PowerApps/apis/shared_dynamicscrmonline","tier":"NotSpecified"}},"flowFailureAlertSubscribed":false}}