{"properties":{"connectionReferences":{"shared_keyvault_1":{"runtimeSource":"embedded","connection":{},"api":{"name":"shared_keyvault"}},"shared_dynamicscrmonline":{"runtimeSource":"embedded","connection":{},"api":{"name":"shared_dynamicscrmonline"}}},"definition":{"$schema":"https://schema.management.azure.com/providers/Microsoft.Logic/schemas/2016-06-01/workflowdefinition.json#","contentVersion":"1.0.0.0","parameters":{"$connections":{"defaultValue":{},"type":"Object"},"$authentication":{"defaultValue":{},"type":"SecureObject"}},"triggers":{"When_a_record_is_created_or_updated":{"recurrence":{"interval":1,"frequency":"Minute"},"splitOn":"@triggerBody()?['value']","metadata":{"flowSystemMetadata":{"swaggerOperationId":"GetOnUpdatedItems_V2"}},"type":"ApiConnection","inputs":{"host":{"connection":{"name":"@parameters('$connections')['shared_dynamicscrmonline']['connectionId']"}},"method":"get","path":"/v2/datasets/@{encodeURIComponent(encodeURIComponent('orgb73ad31e.crm8'))}/tables/@{encodeURIComponent(encodeURIComponent('syed_sourcecontrolqueues'))}/onupdateditems","authentication":"@parameters('$authentication')"}}},"actions":{"Condition":{"actions":{"HTTP":{"runAfter":{},"type":"Http","inputs":{"method":"POST","uri":"@{variables('Web Job URI')}@{variables('Details')}","authentication":{"type":"Basic","username":"$CICDAutomationTools","password":"L6xz6D6fy3EG2JKPorL8T35CWx7jx4tifcspn6LiyMAfrYLwPkul7D682RAb"}}}},"runAfter":{"Web_Job_URI":["Succeeded"]},"expression":{"equals":["@triggerBody()?['syed_status']","Queued"]},"type":"If"},"CRMOrgnizationURL":{"runAfter":{},"metadata":{"flowSystemMetadata":{"swaggerOperationId":"GetSecret"}},"type":"ApiConnection","inputs":{"host":{"connection":{"name":"@parameters('$connections')['shared_keyvault_1']['connectionId']"}},"method":"get","path":"/secrets/@{encodeURIComponent('CRMSourceInstanceUrl')}/value","authentication":"@parameters('$authentication')"}},"CRMUserName":{"runAfter":{"CRMOrgnizationURL":["Succeeded"]},"metadata":{"flowSystemMetadata":{"swaggerOperationId":"GetSecret"}},"type":"ApiConnection","inputs":{"host":{"connection":{"name":"@parameters('$connections')['shared_keyvault_1']['connectionId']"}},"method":"get","path":"/secrets/@{encodeURIComponent('CRMSourceUserName')}/value","authentication":"@parameters('$authentication')"}},"CRMSourcePassword":{"runAfter":{"CRMUserName":["Succeeded"]},"metadata":{"flowSystemMetadata":{"swaggerOperationId":"GetSecret"}},"type":"ApiConnection","inputs":{"host":{"connection":{"name":"@parameters('$connections')['shared_keyvault_1']['connectionId']"}},"method":"get","path":"/secrets/@{encodeURIComponent('CRMSourcePassword')}/value","authentication":"@parameters('$authentication')"}},"GitUserName":{"runAfter":{"CRMSourcePassword":["Succeeded"]},"metadata":{"flowSystemMetadata":{"swaggerOperationId":"GetSecret"}},"type":"ApiConnection","inputs":{"host":{"connection":{"name":"@parameters('$connections')['shared_keyvault_1']['connectionId']"}},"method":"get","path":"/secrets/@{encodeURIComponent('GitUserName')}/value","authentication":"@parameters('$authentication')"}},"GitPassword":{"runAfter":{"GitUserName":["Succeeded"]},"metadata":{"flowSystemMetadata":{"swaggerOperationId":"GetSecret"}},"type":"ApiConnection","inputs":{"host":{"connection":{"name":"@parameters('$connections')['shared_keyvault_1']['connectionId']"}},"method":"get","path":"/secrets/@{encodeURIComponent('GitPassword')}/value","authentication":"@parameters('$authentication')"}},"TFSPassword":{"runAfter":{"GitPassword":["Succeeded"]},"metadata":{"flowSystemMetadata":{"swaggerOperationId":"GetSecret"}},"type":"ApiConnection","inputs":{"host":{"connection":{"name":"@parameters('$connections')['shared_keyvault_1']['connectionId']"}},"method":"get","path":"/secrets/@{encodeURIComponent('TFSPassword')}/value","authentication":"@parameters('$authentication')"}},"Details":{"runAfter":{"TFSUser":["Succeeded"]},"type":"InitializeVariable","inputs":{"variables":[{"name":"Details","type":"String","value":"D365=@{body('CRMOrgnizationURL')?['name']} DU=@{body('CRMUserName')?['name']}  DP=@{body('CRMSourcePassword')?['name']}  GU=@{body('GitUserName')?['name']}  GP=@{body('GitPassword')?['name']} TU=@{body('TFSUser')?['name']}  TP=@{body('TFSPassword')?['name']}  AR=WEB  KYN="}]}},"TFSUser":{"runAfter":{"TFSPassword":["Succeeded"]},"metadata":{"flowSystemMetadata":{"swaggerOperationId":"GetSecret"}},"type":"ApiConnection","inputs":{"host":{"connection":{"name":"@parameters('$connections')['shared_keyvault_1']['connectionId']"}},"method":"get","path":"/secrets/@{encodeURIComponent('TFSUser')}/value","authentication":"@parameters('$authentication')"}},"Web_Job_URI":{"runAfter":{"Details":["Succeeded"]},"type":"InitializeVariable","inputs":{"variables":[{"name":"Web Job URI","type":"String","value":"https://cicdautomationtools.scm.azurewebsites.net/api/triggeredwebjobs/CICDTool/run/?arguments="}]}}}}},"schemaVersion":"1.0.0.0"}