{"properties":{"connectionReferences":{"shared_keyvault_1":{"runtimeSource":"embedded","connection":{},"api":{"name":"shared_keyvault"}}},"definition":{"$schema":"https://schema.management.azure.com/providers/Microsoft.Logic/schemas/2016-06-01/workflowdefinition.json#","contentVersion":"1.0.0.0","parameters":{"$connections":{"defaultValue":{},"type":"Object"},"$authentication":{"defaultValue":{},"type":"SecureObject"}},"triggers":{"Recurrence":{"recurrence":{"frequency":"Hour","interval":1,"startTime":"2019-09-23T04:30:00Z"},"type":"Recurrence"}},"actions":{"HTTP":{"runAfter":{"Initialize_variable_2":["Succeeded"]},"type":"Http","inputs":{"method":"POST","uri":"@variables('Web Job URI')","headers":{"x-functions-key":"@body('Azure_Function_Master_Key')?['value']"},"authentication":{"type":"Basic","username":"$CICDAutomationTools","password":"L6xz6D6fy3EG2JKPorL8T35CWx7jx4tifcspn6LiyMAfrYLwPkul7D682RAb"}}},"Initialize_variable":{"runAfter":{"Azure_Function_Master_Key":["Succeeded"]},"type":"InitializeVariable","inputs":{"variables":[{"name":"Details","type":"String","value":"D365=@{body('CRMSourceServiceUrl')?['name']}&D365INST=@{body('CRMSourceInstanceUrl')?['name']}&DU=@{body('CRMUserName')?['name']}&DP=@{body('CRMSourcePassword')?['name']}&GU=@{body('GitUserName')?['name']}&GP=@{body('GitPassword')?['name']}&TU=@{body('TFSUser')?['name']}&TP=@{body('TFSPassword')?['name']}&AR=Scheduled"}]}},"CRMSourceInstanceUrl":{"runAfter":{},"metadata":{"flowSystemMetadata":{"swaggerOperationId":"GetSecret"}},"type":"ApiConnection","inputs":{"host":{"connection":{"name":"@parameters('$connections')['shared_keyvault_1']['connectionId']"}},"method":"get","path":"/secrets/@{encodeURIComponent('CRMSourceInstanceUrl')}/value","authentication":"@parameters('$authentication')"}},"CRMUserName":{"runAfter":{"CRMSourceServiceUrl":["Succeeded"]},"metadata":{"flowSystemMetadata":{"swaggerOperationId":"GetSecret"}},"type":"ApiConnection","inputs":{"host":{"connection":{"name":"@parameters('$connections')['shared_keyvault_1']['connectionId']"}},"method":"get","path":"/secrets/@{encodeURIComponent('CRMSourceUserName')}/value","authentication":"@parameters('$authentication')"}},"CRMSourcePassword":{"runAfter":{"CRMUserName":["Succeeded"]},"metadata":{"flowSystemMetadata":{"swaggerOperationId":"GetSecret"}},"type":"ApiConnection","inputs":{"host":{"connection":{"name":"@parameters('$connections')['shared_keyvault_1']['connectionId']"}},"method":"get","path":"/secrets/@{encodeURIComponent('CRMSourcePassword')}/value","authentication":"@parameters('$authentication')"}},"GitUserName":{"runAfter":{"CRMSourcePassword":["Succeeded"]},"metadata":{"flowSystemMetadata":{"swaggerOperationId":"GetSecret"}},"type":"ApiConnection","inputs":{"host":{"connection":{"name":"@parameters('$connections')['shared_keyvault_1']['connectionId']"}},"method":"get","path":"/secrets/@{encodeURIComponent('GitUserName')}/value","authentication":"@parameters('$authentication')"}},"GitPassword":{"runAfter":{"GitUserName":["Succeeded"]},"metadata":{"flowSystemMetadata":{"swaggerOperationId":"GetSecret"}},"type":"ApiConnection","inputs":{"host":{"connection":{"name":"@parameters('$connections')['shared_keyvault_1']['connectionId']"}},"method":"get","path":"/secrets/@{encodeURIComponent('GitPassword')}/value","authentication":"@parameters('$authentication')"}},"TFSPassword":{"runAfter":{"GitPassword":["Succeeded"]},"metadata":{"flowSystemMetadata":{"swaggerOperationId":"GetSecret"}},"type":"ApiConnection","inputs":{"host":{"connection":{"name":"@parameters('$connections')['shared_keyvault_1']['connectionId']"}},"method":"get","path":"/secrets/@{encodeURIComponent('TFSPassword')}/value","authentication":"@parameters('$authentication')"}},"TFSUser":{"runAfter":{"TFSPassword":["Succeeded"]},"metadata":{"flowSystemMetadata":{"swaggerOperationId":"GetSecret"}},"type":"ApiConnection","inputs":{"host":{"connection":{"name":"@parameters('$connections')['shared_keyvault_1']['connectionId']"}},"method":"get","path":"/secrets/@{encodeURIComponent('TFSUser')}/value","authentication":"@parameters('$authentication')"}},"Initialize_variable_2":{"runAfter":{"Initialize_variable":["Succeeded"]},"type":"InitializeVariable","inputs":{"variables":[{"name":"Web Job URI","type":"String","value":"https://cicdazurefunction.azurewebsites.net/api/AzureFunction?@{variables('Details')}"}]}},"CRMSourceServiceUrl":{"runAfter":{"CRMSourceInstanceUrl":["Succeeded"]},"metadata":{"flowSystemMetadata":{"swaggerOperationId":"GetSecret"}},"type":"ApiConnection","inputs":{"host":{"connection":{"name":"@parameters('$connections')['shared_keyvault_1']['connectionId']"}},"method":"get","path":"/secrets/@{encodeURIComponent('CRMSourceServiceUrl')}/value","authentication":"@parameters('$authentication')"}},"Azure_Function_Master_Key":{"runAfter":{"TFSUser":["Succeeded"]},"metadata":{"flowSystemMetadata":{"swaggerOperationId":"GetSecret"}},"type":"ApiConnection","inputs":{"host":{"connection":{"name":"@parameters('$connections')['shared_keyvault_1']['connectionId']"}},"method":"get","path":"/secrets/@{encodeURIComponent('FunctionMasterKey')}/value","authentication":"@parameters('$authentication')"}}}}},"schemaVersion":"1.0.0.0"}