{"properties":{"connectionReferences":{"shared_commondataserviceforapps":{"runtimeSource":"embedded","connection":{},"api":{"name":"shared_commondataserviceforapps"}},"shared_visualstudioteamservices":{"runtimeSource":"embedded","connection":{},"api":{"name":"shared_visualstudioteamservices"}}},"definition":{"$schema":"https://schema.management.azure.com/providers/Microsoft.Logic/schemas/2016-06-01/workflowdefinition.json#","contentVersion":"1.0.0.0","parameters":{"$connections":{"defaultValue":{},"type":"Object"},"$authentication":{"defaultValue":{},"type":"SecureObject"}},"triggers":{"When_a_record_is_created,_updated_or_deleted":{"type":"OpenApiConnectionWebhook","inputs":{"host":{"connectionName":"shared_commondataserviceforapps","operationId":"SubscribeWebhookTrigger","apiId":"/providers/Microsoft.PowerApps/apis/shared_commondataserviceforapps"},"parameters":{"subscriptionRequest/message":3,"subscriptionRequest/entityname":"syed_sourcecontrolqueue","subscriptionRequest/scope":4,"subscriptionRequest/filteringattributes":"syed_status","subscriptionRequest/filterexpression":"syed_status eq 'Queued for release'"},"authentication":"@parameters('$authentication')"}}},"actions":{"List_records_Master_Solution":{"runAfter":{},"type":"OpenApiConnection","inputs":{"host":{"connectionName":"shared_commondataserviceforapps","operationId":"ListRecords","apiId":"/providers/Microsoft.PowerApps/apis/shared_commondataserviceforapps"},"parameters":{"entityName":"syed_solutiondetails","$filter":"_syed_listofsolutionid_value eq @{triggerOutputs()?['body/syed_sourcecontrolqueueid']}"},"authentication":"@parameters('$authentication')"}},"Apply_to_each_of_Master_Solution":{"foreach":"@outputs('List_records_Master_Solution')?['body/value']","actions":{"Queue_a_new_build":{"runAfter":{},"type":"OpenApiConnection","inputs":{"host":{"connectionName":"shared_visualstudioteamservices","operationId":"QueueNewBuild","apiId":"/providers/Microsoft.PowerApps/apis/shared_visualstudioteamservices"},"parameters":{"account":"dspdeppm","project":"MCOI BOSE Compass","buildDefId":"186","buildDetails/sourceBranch":"users/syamrull/dailybuild","buildDetails/parameters":"{\n  \"solutionName\": \"@{items('Apply_to_each_of_Master_Solution')?['syed_listofsolutions']}\"\n}"},"authentication":"@parameters('$authentication')"}},"Do_until":{"actions":{"Send_an_HTTP_request_to_Azure_DevOps":{"runAfter":{},"type":"OpenApiConnection","inputs":{"host":{"connectionName":"shared_visualstudioteamservices","operationId":"HttpRequest","apiId":"/providers/Microsoft.PowerApps/apis/shared_visualstudioteamservices"},"parameters":{"account":"dspdeppm","parameters/Method":"GET","parameters/Uri":"MCOI BOSE Compass/_apis/build/builds/@{outputs('Queue_a_new_build')?['body/id']}"},"authentication":"@parameters('$authentication')"}},"Parse_JSON_Http_Response_Build_Status_Check_":{"runAfter":{"Send_an_HTTP_request_to_Azure_DevOps":["Succeeded"]},"type":"ParseJson","inputs":{"content":"@outputs('Send_an_HTTP_request_to_Azure_DevOps')?['body']","schema":{"type":"object","properties":{"status":{"type":"string"}}}}},"Condition":{"actions":{"Set_Build_Complete_Variable":{"runAfter":{},"type":"SetVariable","inputs":{"name":"IsBuildComplete","value":true}}},"runAfter":{"Set_variable_Build_Stsatus":["Succeeded"]},"else":{"actions":{"Delay":{"runAfter":{},"type":"Wait","inputs":{"interval":{"count":39,"unit":"Second"}}}}},"expression":{"equals":["@variables('Build Status')","completed"]},"type":"If"},"Set_variable_Build_Stsatus":{"runAfter":{"Parse_JSON_Http_Response_Build_Status_Check_":["Succeeded"]},"type":"SetVariable","inputs":{"name":"Build Status","value":"@body('Parse_JSON_Http_Response_Build_Status_Check_')?['status']"}}},"runAfter":{"Create_a_new_record_Note_to_Source_Control_Queue":["Succeeded"]},"expression":"@equals(variables('IsBuildComplete'), variables('FinalState'))","limit":{"count":60,"timeout":"PT1H"},"type":"Until"},"Set_Build_Complete_Variable_to_false":{"runAfter":{"Queue_a_new_build":["Succeeded"]},"type":"SetVariable","inputs":{"name":"IsBuildComplete","value":false}},"Create_a_new_record_Note_to_Source_Control_Queue":{"runAfter":{"Set_Build_Complete_Variable_to_false":["Succeeded"]},"type":"OpenApiConnection","inputs":{"host":{"connectionName":"shared_commondataserviceforapps","operationId":"CreateRecord","apiId":"/providers/Microsoft.PowerApps/apis/shared_commondataserviceforapps"},"parameters":{"entityName":"annotations","item/subject":"DSquare DevOps Flow","item/notetext":"Solutiona Name @{items('Apply_to_each_of_Master_Solution')?['syed_listofsolutions']}\nBuild Definition @{outputs('Queue_a_new_build')?['body/definition/name']}\nBuid Id /@{outputs('Queue_a_new_build')?['body/id']}","item/objecttypecode":"syed_sourcecontrolqueue","item/objectid_syed_sourcecontrolqueue@odata.bind":"@triggerOutputs()?['body/syed_sourcecontrolqueueid']"},"authentication":"@parameters('$authentication')"}}},"runAfter":{"Initialize_variable":["Succeeded"]},"type":"Foreach"},"Initialize_variable_IsBuildComplete":{"runAfter":{"List_records_Master_Solution":["Succeeded"]},"type":"InitializeVariable","inputs":{"variables":[{"name":"IsBuildComplete","type":"boolean","value":false}]}},"Initialize_variable_Build_Status":{"runAfter":{"Initialize_variable_IsBuildComplete":["Succeeded"]},"type":"InitializeVariable","inputs":{"variables":[{"name":"Build Status","type":"string"}]}},"Initialize_variable":{"runAfter":{"Initialize_variable_Build_Status":["Succeeded"]},"type":"InitializeVariable","inputs":{"variables":[{"name":"FinalState","type":"boolean","value":true}]}}},"outputs":{}}},"schemaVersion":"1.0.0.0"}