<ImportExportXml version="9.1.0.8817" SolutionPackageVersion="9.1" languagecode="1033" generatedBy="CrmLive" xmlns:xsi="http://www.w3.org/2001/XMLSchema-instance">
  <SolutionManifest>
    <UniqueName>Dsquare365</UniqueName>
    <LocalizedNames>
      <LocalizedName description="Dsquare 365" languagecode="1033" />
    </LocalizedNames>
    <Descriptions>
      <Description description="Upgrade of Dsquare 365" languagecode="1033" />
    </Descriptions>
    <Version>1.0.0.0</Version>
    <Managed>0</Managed>
    <Publisher>
      <UniqueName>syedamrullahmazharpublisher</UniqueName>
      <LocalizedNames>
        <LocalizedName description="Syed Amrullah Mazhar publisher" languagecode="1033" />
      </LocalizedNames>
      <Descriptions />
      <EMailAddress xsi:nil="true"></EMailAddress>
      <SupportingWebsiteUrl xsi:nil="true"></SupportingWebsiteUrl>
      <CustomizationPrefix>syed</CustomizationPrefix>
      <CustomizationOptionValuePrefix>43371</CustomizationOptionValuePrefix>
      <Addresses>
        <Address>
          <AddressNumber>1</AddressNumber>
          <AddressTypeCode>1</AddressTypeCode>
          <City xsi:nil="true"></City>
          <County xsi:nil="true"></County>
          <Country xsi:nil="true"></Country>
          <Fax xsi:nil="true"></Fax>
          <FreightTermsCode xsi:nil="true"></FreightTermsCode>
          <ImportSequenceNumber xsi:nil="true"></ImportSequenceNumber>
          <Latitude xsi:nil="true"></Latitude>
          <Line1 xsi:nil="true"></Line1>
          <Line2 xsi:nil="true"></Line2>
          <Line3 xsi:nil="true"></Line3>
          <Longitude xsi:nil="true"></Longitude>
          <Name xsi:nil="true"></Name>
          <PostalCode xsi:nil="true"></PostalCode>
          <PostOfficeBox xsi:nil="true"></PostOfficeBox>
          <PrimaryContactName xsi:nil="true"></PrimaryContactName>
          <ShippingMethodCode>1</ShippingMethodCode>
          <StateOrProvince xsi:nil="true"></StateOrProvince>
          <Telephone1 xsi:nil="true"></Telephone1>
          <Telephone2 xsi:nil="true"></Telephone2>
          <Telephone3 xsi:nil="true"></Telephone3>
          <TimeZoneRuleVersionNumber xsi:nil="true"></TimeZoneRuleVersionNumber>
          <UPSZone xsi:nil="true"></UPSZone>
          <UTCOffset xsi:nil="true"></UTCOffset>
          <UTCConversionTimeZoneCode xsi:nil="true"></UTCConversionTimeZoneCode>
        </Address>
        <Address>
          <AddressNumber>2</AddressNumber>
          <AddressTypeCode>1</AddressTypeCode>
          <City xsi:nil="true"></City>
          <County xsi:nil="true"></County>
          <Country xsi:nil="true"></Country>
          <Fax xsi:nil="true"></Fax>
          <FreightTermsCode xsi:nil="true"></FreightTermsCode>
          <ImportSequenceNumber xsi:nil="true"></ImportSequenceNumber>
          <Latitude xsi:nil="true"></Latitude>
          <Line1 xsi:nil="true"></Line1>
          <Line2 xsi:nil="true"></Line2>
          <Line3 xsi:nil="true"></Line3>
          <Longitude xsi:nil="true"></Longitude>
          <Name xsi:nil="true"></Name>
          <PostalCode xsi:nil="true"></PostalCode>
          <PostOfficeBox xsi:nil="true"></PostOfficeBox>
          <PrimaryContactName xsi:nil="true"></PrimaryContactName>
          <ShippingMethodCode>1</ShippingMethodCode>
          <StateOrProvince xsi:nil="true"></StateOrProvince>
          <Telephone1 xsi:nil="true"></Telephone1>
          <Telephone2 xsi:nil="true"></Telephone2>
          <Telephone3 xsi:nil="true"></Telephone3>
          <TimeZoneRuleVersionNumber xsi:nil="true"></TimeZoneRuleVersionNumber>
          <UPSZone xsi:nil="true"></UPSZone>
          <UTCOffset xsi:nil="true"></UTCOffset>
          <UTCConversionTimeZoneCode xsi:nil="true"></UTCConversionTimeZoneCode>
        </Address>
      </Addresses>
    </Publisher>
    <RootComponents>
      <RootComponent type="1" schemaName="msfp_surveyinvite" behavior="0" />
      <RootComponent type="1" schemaName="syed_configurationsettings" behavior="0" />
      <RootComponent type="1" schemaName="syed_deploymentinstance" behavior="0" />
      <RootComponent type="1" schemaName="syed_mastersolutions" behavior="0" />
      <RootComponent type="1" schemaName="syed_mergesolutions" behavior="0" />
      <RootComponent type="1" schemaName="syed_solutiondetail" behavior="0" />
      <RootComponent type="1" schemaName="syed_sourcecontrolqueue" behavior="0" />
      <RootComponent type="20" id="{6fbe08ea-2cc3-e911-a958-000d3af0677f}" behavior="0" />
      <RootComponent type="29" id="{034b1e2b-0da3-e911-a95a-000d3af06cd4}" behavior="0" />
      <RootComponent type="29" id="{18e1cc76-16fe-43cc-a669-b30018933847}" behavior="0" />
      <RootComponent type="29" id="{421e9014-b316-4da4-bde9-28d6a2f8fcd0}" behavior="0" />
      <RootComponent type="29" id="{49c12765-897c-e911-a95d-000d3af2cb54}" behavior="0" />
      <RootComponent type="29" id="{542651b9-0033-e911-a97b-000d3a30da56}" behavior="0" />
      <RootComponent type="29" id="{54d235b7-2f6e-4682-b07b-85e522a80c39}" behavior="0" />
      <RootComponent type="29" id="{67e719f4-4f45-e911-a97d-000d3a30da56}" behavior="0" />
      <RootComponent type="29" id="{908bcb02-dda2-e911-a95a-000d3af06cd4}" behavior="0" />
      <RootComponent type="29" id="{b06f7f62-60b7-e911-a95c-000d3af06cd4}" behavior="0" />
      <RootComponent type="50" schemaName=":RibbonDiffXml" behavior="0" />
      <RootComponent type="60" id="{30c6195e-ef32-4dcb-8b13-cc8775ca1621}" behavior="0" />
      <RootComponent type="60" id="{41b7ee8a-72a4-e911-a979-000d3af0375c}" behavior="0" />
      <RootComponent type="60" id="{be8f7d41-f3a0-466c-a09e-aaa15864d60c}" behavior="0" />
      <RootComponent type="61" schemaName="syed_/HTML/DeploymentInstance" behavior="0" />
      <RootComponent type="61" schemaName="syed_/HTML/SourceControlQueue" behavior="0" />
      <RootComponent type="61" schemaName="syed_/HTML/SourceControlQueue.WebJobs" behavior="0" />
      <RootComponent type="61" schemaName="syed_/Images/Back-16" behavior="0" />
      <RootComponent type="61" schemaName="syed_/Images/Back-32" behavior="0" />
      <RootComponent type="61" schemaName="syed_/Images/Commit-16" behavior="0" />
      <RootComponent type="61" schemaName="syed_/Images/Commit-32" behavior="0" />
      <RootComponent type="61" schemaName="syed_/Images/Configurationsettings" behavior="0" />
      <RootComponent type="61" schemaName="syed_/Images/Configurationsettings-16" behavior="0" />
      <RootComponent type="61" schemaName="syed_/Images/Configurationsettings-SVG" behavior="0" />
      <RootComponent type="61" schemaName="syed_/Images/DynamicsSourceControl" behavior="0" />
      <RootComponent type="61" schemaName="syed_/Images/DynamicsSourceControl-16" behavior="0" />
      <RootComponent type="61" schemaName="syed_/Images/DynamicsSourceControl-SVG" behavior="0" />
      <RootComponent type="61" schemaName="syed_/Images/Merge-16" behavior="0" />
      <RootComponent type="61" schemaName="syed_/Images/Merge-32" behavior="0" />
      <RootComponent type="61" schemaName="syed_/Images/Release-16" behavior="0" />
      <RootComponent type="61" schemaName="syed_/Images/Release-32" behavior="0" />
      <RootComponent type="61" schemaName="syed_/Images/Submit-12" behavior="0" />
      <RootComponent type="61" schemaName="syed_/Images/Submit-32" behavior="0" />
      <RootComponent type="61" schemaName="syed_/Scripts/MergeSoluitons/EventHandler" behavior="0" />
      <RootComponent type="61" schemaName="syed_/Scripts/Solution/Ribbon" behavior="0" />
      <RootComponent type="61" schemaName="syed_/Scripts/SolutionDetails/EventHandler" behavior="0" />
      <RootComponent type="61" schemaName="syed_/Scripts/SourceControlQueue/EventHandler" behavior="0" />
      <RootComponent type="62" schemaName="syed_DeploymentHub" behavior="0" />
      <RootComponent type="80" schemaName="syed_DeploymentHub" behavior="0" />
      <RootComponent type="91" id="{6f501261-1881-4ce9-a46b-56aa7e82a494}" schemaName="SolutionManagement, Version=1.0.0.0, Culture=neutral, PublicKeyToken=f11dfbf3847307ca" behavior="0" />
      <RootComponent type="92" id="{426589a4-e690-e911-a95d-000d3af2c610}" behavior="0" />
      <RootComponent type="92" id="{574ff292-5dd5-e911-a844-000d3a3b74cb}" behavior="0" />
      <RootComponent type="92" id="{835ad210-f981-e911-a95c-000d3af266c5}" behavior="0" />
      <RootComponent type="92" id="{a5acba6b-e690-e911-a95d-000d3af2c610}" behavior="0" />
    </RootComponents>
    <MissingDependencies>
      <MissingDependency>
        <Required key="0" type="1" schemaName="msfp_surveyinvite" displayName="Forms Pro survey invite" solution="MicrosoftFormsPro (1.13.0.0)" />
        <Dependent key="1" type="2" schemaName="createdbydsc" parentSchemaName="msfp_surveyinvite" parentDisplayName="Forms Pro survey invite" />
      </MissingDependency>
      <MissingDependency>
        <Required key="0" type="1" schemaName="msfp_surveyinvite" displayName="Forms Pro survey invite" solution="MicrosoftFormsPro (1.13.0.0)" />
        <Dependent key="2" type="2" schemaName="statecodename" parentSchemaName="msfp_surveyinvite" parentDisplayName="Forms Pro survey invite" />
      </MissingDependency>
      <MissingDependency>
        <Required key="0" type="1" schemaName="msfp_surveyinvite" displayName="Forms Pro survey invite" solution="MicrosoftFormsPro (1.13.0.0)" />
        <Dependent key="3" type="2" schemaName="modifiedbyyominame" parentSchemaName="msfp_surveyinvite" parentDisplayName="Forms Pro survey invite" />
      </MissingDependency>
      <MissingDependency>
        <Required key="0" type="1" schemaName="msfp_surveyinvite" displayName="Forms Pro survey invite" solution="MicrosoftFormsPro (1.13.0.0)" />
        <Dependent key="4" type="2" schemaName="stageid" displayName="(Deprecated) Process Stage" parentSchemaName="msfp_surveyinvite" parentDisplayName="Forms Pro survey invite" />
      </MissingDependency>
      <MissingDependency>
        <Required key="0" type="1" schemaName="msfp_surveyinvite" displayName="Forms Pro survey invite" solution="MicrosoftFormsPro (1.13.0.0)" />
        <Dependent key="5" type="2" schemaName="modifiedby" displayName="Modified By" parentSchemaName="msfp_surveyinvite" parentDisplayName="Forms Pro survey invite" />
      </MissingDependency>
      <MissingDependency>
        <Required key="0" type="1" schemaName="msfp_surveyinvite" displayName="Forms Pro survey invite" solution="MicrosoftFormsPro (1.13.0.0)" />
        <Dependent key="6" type="2" schemaName="to" displayName="To" parentSchemaName="msfp_surveyinvite" parentDisplayName="Forms Pro survey invite" />
      </MissingDependency>
      <MissingDependency>
        <Required key="0" type="1" schemaName="msfp_surveyinvite" displayName="Forms Pro survey invite" solution="MicrosoftFormsPro (1.13.0.0)" />
        <Dependent key="0" type="1" schemaName="msfp_surveyinvite" displayName="Forms Pro survey invite" />
      </MissingDependency>
      <MissingDependency>
        <Required key="0" type="1" schemaName="msfp_surveyinvite" displayName="Forms Pro survey invite" solution="MicrosoftFormsPro (1.13.0.0)" />
        <Dependent key="7" type="2" schemaName="slainvokedid" displayName="Last SLA applied" parentSchemaName="msfp_surveyinvite" parentDisplayName="Forms Pro survey invite" />
      </MissingDependency>
      <MissingDependency>
        <Required key="0" type="1" schemaName="msfp_surveyinvite" displayName="Forms Pro survey invite" solution="MicrosoftFormsPro (1.13.0.0)" />
        <Dependent key="8" type="2" schemaName="owneridyominame" parentSchemaName="msfp_surveyinvite" parentDisplayName="Forms Pro survey invite" />
      </MissingDependency>
      <MissingDependency>
        <Required key="0" type="1" schemaName="msfp_surveyinvite" displayName="Forms Pro survey invite" solution="MicrosoftFormsPro (1.13.0.0)" />
        <Dependent key="9" type="2" schemaName="processid" displayName="Process" parentSchemaName="msfp_surveyinvite" parentDisplayName="Forms Pro survey invite" />
      </MissingDependency>
      <MissingDependency>
        <Required key="0" type="1" schemaName="msfp_surveyinvite" displayName="Forms Pro survey invite" solution="MicrosoftFormsPro (1.13.0.0)" />
        <Dependent key="10" type="2" schemaName="lastonholdtime" displayName="Last On Hold Time" parentSchemaName="msfp_surveyinvite" parentDisplayName="Forms Pro survey invite" />
      </MissingDependency>
      <MissingDependency>
        <Required key="0" type="1" schemaName="msfp_surveyinvite" displayName="Forms Pro survey invite" solution="MicrosoftFormsPro (1.13.0.0)" />
        <Dependent key="11" type="2" schemaName="onholdtime" displayName="On Hold Time (Minutes)" parentSchemaName="msfp_surveyinvite" parentDisplayName="Forms Pro survey invite" />
      </MissingDependency>
      <MissingDependency>
        <Required key="0" type="1" schemaName="msfp_surveyinvite" displayName="Forms Pro survey invite" solution="MicrosoftFormsPro (1.13.0.0)" />
        <Dependent key="12" type="2" schemaName="requiredattendees" displayName="Required Attendees" parentSchemaName="msfp_surveyinvite" parentDisplayName="Forms Pro survey invite" />
      </MissingDependency>
      <MissingDependency>
        <Required key="0" type="1" schemaName="msfp_surveyinvite" displayName="Forms Pro survey invite" solution="MicrosoftFormsPro (1.13.0.0)" />
        <Dependent key="13" type="2" schemaName="activityid" displayName="Activity" parentSchemaName="msfp_surveyinvite" parentDisplayName="Forms Pro survey invite" />
      </MissingDependency>
      <MissingDependency>
        <Required key="0" type="1" schemaName="msfp_surveyinvite" displayName="Forms Pro survey invite" solution="MicrosoftFormsPro (1.13.0.0)" />
        <Dependent key="14" type="2" schemaName="isregularactivityname" parentSchemaName="msfp_surveyinvite" parentDisplayName="Forms Pro survey invite" />
      </MissingDependency>
      <MissingDependency>
        <Required key="0" type="1" schemaName="msfp_surveyinvite" displayName="Forms Pro survey invite" solution="MicrosoftFormsPro (1.13.0.0)" />
        <Dependent key="15" type="2" schemaName="modifiedonbehalfby" displayName="Modified By (Delegate)" parentSchemaName="msfp_surveyinvite" parentDisplayName="Forms Pro survey invite" />
      </MissingDependency>
      <MissingDependency>
        <Required key="0" type="1" schemaName="msfp_surveyinvite" displayName="Forms Pro survey invite" solution="MicrosoftFormsPro (1.13.0.0)" />
        <Dependent key="16" type="2" schemaName="organizer" displayName="Organizer" parentSchemaName="msfp_surveyinvite" parentDisplayName="Forms Pro survey invite" />
      </MissingDependency>
      <MissingDependency>
        <Required key="0" type="1" schemaName="msfp_surveyinvite" displayName="Forms Pro survey invite" solution="MicrosoftFormsPro (1.13.0.0)" />
        <Dependent key="17" type="2" schemaName="serviceid" displayName="Service" parentSchemaName="msfp_surveyinvite" parentDisplayName="Forms Pro survey invite" />
      </MissingDependency>
      <MissingDependency>
        <Required key="0" type="1" schemaName="msfp_surveyinvite" displayName="Forms Pro survey invite" solution="MicrosoftFormsPro (1.13.0.0)" />
        <Dependent key="18" type="2" schemaName="msfp_invitestatusname" parentSchemaName="msfp_surveyinvite" parentDisplayName="Forms Pro survey invite" />
      </MissingDependency>
      <MissingDependency>
        <Required key="0" type="1" schemaName="msfp_surveyinvite" displayName="Forms Pro survey invite" solution="MicrosoftFormsPro (1.13.0.0)" />
        <Dependent key="19" type="2" schemaName="regardingobjectidname" parentSchemaName="msfp_surveyinvite" parentDisplayName="Forms Pro survey invite" />
      </MissingDependency>
      <MissingDependency>
        <Required key="0" type="1" schemaName="msfp_surveyinvite" displayName="Forms Pro survey invite" solution="MicrosoftFormsPro (1.13.0.0)" />
        <Dependent key="20" type="2" schemaName="owneriddsc" parentSchemaName="msfp_surveyinvite" parentDisplayName="Forms Pro survey invite" />
      </MissingDependency>
      <MissingDependency>
        <Required key="0" type="1" schemaName="msfp_surveyinvite" displayName="Forms Pro survey invite" solution="MicrosoftFormsPro (1.13.0.0)" />
        <Dependent key="21" type="2" schemaName="createdonbehalfbyyominame" parentSchemaName="msfp_surveyinvite" parentDisplayName="Forms Pro survey invite" />
      </MissingDependency>
      <MissingDependency>
        <Required key="0" type="1" schemaName="msfp_surveyinvite" displayName="Forms Pro survey invite" solution="MicrosoftFormsPro (1.13.0.0)" />
        <Dependent key="22" type="2" schemaName="createdbyname" parentSchemaName="msfp_surveyinvite" parentDisplayName="Forms Pro survey invite" />
      </MissingDependency>
      <MissingDependency>
        <Required key="0" type="1" schemaName="msfp_surveyinvite" displayName="Forms Pro survey invite" solution="MicrosoftFormsPro (1.13.0.0)" />
        <Dependent key="23" type="2" schemaName="modifiedonbehalfbyyominame" parentSchemaName="msfp_surveyinvite" parentDisplayName="Forms Pro survey invite" />
      </MissingDependency>
      <MissingDependency>
        <Required key="0" type="1" schemaName="msfp_surveyinvite" displayName="Forms Pro survey invite" solution="MicrosoftFormsPro (1.13.0.0)" />
        <Dependent key="24" type="2" schemaName="versionnumber" displayName="Version Number" parentSchemaName="msfp_surveyinvite" parentDisplayName="Forms Pro survey invite" />
      </MissingDependency>
      <MissingDependency>
        <Required key="0" type="1" schemaName="msfp_surveyinvite" displayName="Forms Pro survey invite" solution="MicrosoftFormsPro (1.13.0.0)" />
        <Dependent key="25" type="2" schemaName="owningbusinessunit" displayName="Owning Business Unit" parentSchemaName="msfp_surveyinvite" parentDisplayName="Forms Pro survey invite" />
      </MissingDependency>
      <MissingDependency>
        <Required key="0" type="1" schemaName="msfp_surveyinvite" displayName="Forms Pro survey invite" solution="MicrosoftFormsPro (1.13.0.0)" />
        <Dependent key="26" type="2" schemaName="communityname" parentSchemaName="msfp_surveyinvite" parentDisplayName="Forms Pro survey invite" />
      </MissingDependency>
      <MissingDependency>
        <Required key="0" type="1" schemaName="msfp_surveyinvite" displayName="Forms Pro survey invite" solution="MicrosoftFormsPro (1.13.0.0)" />
        <Dependent key="27" type="2" schemaName="instancetypecodename" parentSchemaName="msfp_surveyinvite" parentDisplayName="Forms Pro survey invite" />
      </MissingDependency>
      <MissingDependency>
        <Required key="0" type="1" schemaName="msfp_surveyinvite" displayName="Forms Pro survey invite" solution="MicrosoftFormsPro (1.13.0.0)" />
        <Dependent key="28" type="2" schemaName="customers" displayName="Customers" parentSchemaName="msfp_surveyinvite" parentDisplayName="Forms Pro survey invite" />
      </MissingDependency>
      <MissingDependency>
        <Required key="0" type="1" schemaName="msfp_surveyinvite" displayName="Forms Pro survey invite" solution="MicrosoftFormsPro (1.13.0.0)" />
        <Dependent key="29" type="2" schemaName="slaname" parentSchemaName="msfp_surveyinvite" parentDisplayName="Forms Pro survey invite" />
      </MissingDependency>
      <MissingDependency>
        <Required key="0" type="1" schemaName="msfp_surveyinvite" displayName="Forms Pro survey invite" solution="MicrosoftFormsPro (1.13.0.0)" />
        <Dependent key="30" type="2" schemaName="regardingobjectid" displayName="Regarding" parentSchemaName="msfp_surveyinvite" parentDisplayName="Forms Pro survey invite" />
      </MissingDependency>
      <MissingDependency>
        <Required key="0" type="1" schemaName="msfp_surveyinvite" displayName="Forms Pro survey invite" solution="MicrosoftFormsPro (1.13.0.0)" />
        <Dependent key="31" type="2" schemaName="modifiedonbehalfbyname" parentSchemaName="msfp_surveyinvite" parentDisplayName="Forms Pro survey invite" />
      </MissingDependency>
      <MissingDependency>
        <Required key="0" type="1" schemaName="msfp_surveyinvite" displayName="Forms Pro survey invite" solution="MicrosoftFormsPro (1.13.0.0)" />
        <Dependent key="32" type="2" schemaName="cc" displayName="CC" parentSchemaName="msfp_surveyinvite" parentDisplayName="Forms Pro survey invite" />
      </MissingDependency>
      <MissingDependency>
        <Required key="0" type="1" schemaName="msfp_surveyinvite" displayName="Forms Pro survey invite" solution="MicrosoftFormsPro (1.13.0.0)" />
        <Dependent key="33" type="2" schemaName="owneridtype" parentSchemaName="msfp_surveyinvite" parentDisplayName="Forms Pro survey invite" />
      </MissingDependency>
      <MissingDependency>
        <Required key="0" type="1" schemaName="msfp_surveyinvite" displayName="Forms Pro survey invite" solution="MicrosoftFormsPro (1.13.0.0)" />
        <Dependent key="34" type="2" schemaName="activitytypecodename" parentSchemaName="msfp_surveyinvite" parentDisplayName="Forms Pro survey invite" />
      </MissingDependency>
      <MissingDependency>
        <Required key="0" type="1" schemaName="msfp_surveyinvite" displayName="Forms Pro survey invite" solution="MicrosoftFormsPro (1.13.0.0)" />
        <Dependent key="35" type="2" schemaName="statuscodename" parentSchemaName="msfp_surveyinvite" parentDisplayName="Forms Pro survey invite" />
      </MissingDependency>
      <MissingDependency>
        <Required key="0" type="1" schemaName="msfp_surveyinvite" displayName="Forms Pro survey invite" solution="MicrosoftFormsPro (1.13.0.0)" />
        <Dependent key="36" type="2" schemaName="createdonbehalfby" displayName="Created By (Delegate)" parentSchemaName="msfp_surveyinvite" parentDisplayName="Forms Pro survey invite" />
      </MissingDependency>
      <MissingDependency>
        <Required key="0" type="1" schemaName="msfp_surveyinvite" displayName="Forms Pro survey invite" solution="MicrosoftFormsPro (1.13.0.0)" />
        <Dependent key="37" type="2" schemaName="deliveryprioritycodename" parentSchemaName="msfp_surveyinvite" parentDisplayName="Forms Pro survey invite" />
      </MissingDependency>
      <MissingDependency>
        <Required key="0" type="1" schemaName="msfp_surveyinvite" displayName="Forms Pro survey invite" solution="MicrosoftFormsPro (1.13.0.0)" />
        <Dependent key="38" type="2" schemaName="regardingobjectidyominame" parentSchemaName="msfp_surveyinvite" parentDisplayName="Forms Pro survey invite" />
      </MissingDependency>
      <MissingDependency>
        <Required key="0" type="1" schemaName="msfp_surveyinvite" displayName="Forms Pro survey invite" solution="MicrosoftFormsPro (1.13.0.0)" />
        <Dependent key="39" type="2" schemaName="partners" displayName="Outsource Vendors" parentSchemaName="msfp_surveyinvite" parentDisplayName="Forms Pro survey invite" />
      </MissingDependency>
      <MissingDependency>
        <Required key="0" type="1" schemaName="msfp_surveyinvite" displayName="Forms Pro survey invite" solution="MicrosoftFormsPro (1.13.0.0)" />
        <Dependent key="40" type="2" schemaName="from" displayName="From" parentSchemaName="msfp_surveyinvite" parentDisplayName="Forms Pro survey invite" />
      </MissingDependency>
      <MissingDependency>
        <Required key="0" type="1" schemaName="msfp_surveyinvite" displayName="Forms Pro survey invite" solution="MicrosoftFormsPro (1.13.0.0)" />
        <Dependent key="41" type="2" schemaName="createdonbehalfbyname" parentSchemaName="msfp_surveyinvite" parentDisplayName="Forms Pro survey invite" />
      </MissingDependency>
      <MissingDependency>
        <Required key="0" type="1" schemaName="msfp_surveyinvite" displayName="Forms Pro survey invite" solution="MicrosoftFormsPro (1.13.0.0)" />
        <Dependent key="42" type="2" schemaName="ownerid" displayName="Owner" parentSchemaName="msfp_surveyinvite" parentDisplayName="Forms Pro survey invite" />
      </MissingDependency>
      <MissingDependency>
        <Required key="0" type="1" schemaName="msfp_surveyinvite" displayName="Forms Pro survey invite" solution="MicrosoftFormsPro (1.13.0.0)" />
        <Dependent key="43" type="2" schemaName="ismapiprivatename" parentSchemaName="msfp_surveyinvite" parentDisplayName="Forms Pro survey invite" />
      </MissingDependency>
      <MissingDependency>
        <Required key="0" type="1" schemaName="msfp_surveyinvite" displayName="Forms Pro survey invite" solution="MicrosoftFormsPro (1.13.0.0)" />
        <Dependent key="44" type="2" schemaName="createdby" displayName="Created By" parentSchemaName="msfp_surveyinvite" parentDisplayName="Forms Pro survey invite" />
      </MissingDependency>
      <MissingDependency>
        <Required key="0" type="1" schemaName="msfp_surveyinvite" displayName="Forms Pro survey invite" solution="MicrosoftFormsPro (1.13.0.0)" />
        <Dependent key="45" type="2" schemaName="modifiedbydsc" parentSchemaName="msfp_surveyinvite" parentDisplayName="Forms Pro survey invite" />
      </MissingDependency>
      <MissingDependency>
        <Required key="0" type="1" schemaName="msfp_surveyinvite" displayName="Forms Pro survey invite" solution="MicrosoftFormsPro (1.13.0.0)" />
        <Dependent key="46" type="2" schemaName="owningteam" displayName="Owning Team" parentSchemaName="msfp_surveyinvite" parentDisplayName="Forms Pro survey invite" />
      </MissingDependency>
      <MissingDependency>
        <Required key="0" type="1" schemaName="msfp_surveyinvite" displayName="Forms Pro survey invite" solution="MicrosoftFormsPro (1.13.0.0)" />
        <Dependent key="47" type="2" schemaName="owninguser" displayName="Owning User" parentSchemaName="msfp_surveyinvite" parentDisplayName="Forms Pro survey invite" />
      </MissingDependency>
      <MissingDependency>
        <Required key="0" type="1" schemaName="msfp_surveyinvite" displayName="Forms Pro survey invite" solution="MicrosoftFormsPro (1.13.0.0)" />
        <Dependent key="48" type="2" schemaName="exchangerate" displayName="Exchange Rate" parentSchemaName="msfp_surveyinvite" parentDisplayName="Forms Pro survey invite" />
      </MissingDependency>
      <MissingDependency>
        <Required key="0" type="1" schemaName="msfp_surveyinvite" displayName="Forms Pro survey invite" solution="MicrosoftFormsPro (1.13.0.0)" />
        <Dependent key="49" type="2" schemaName="createdonbehalfbydsc" parentSchemaName="msfp_surveyinvite" parentDisplayName="Forms Pro survey invite" />
      </MissingDependency>
      <MissingDependency>
        <Required key="0" type="1" schemaName="msfp_surveyinvite" displayName="Forms Pro survey invite" solution="MicrosoftFormsPro (1.13.0.0)" />
        <Dependent key="50" type="2" schemaName="slainvokedidname" parentSchemaName="msfp_surveyinvite" parentDisplayName="Forms Pro survey invite" />
      </MissingDependency>
      <MissingDependency>
        <Required key="0" type="1" schemaName="msfp_surveyinvite" displayName="Forms Pro survey invite" solution="MicrosoftFormsPro (1.13.0.0)" />
        <Dependent key="51" type="2" schemaName="traversedpath" displayName="(Deprecated) Traversed Path" parentSchemaName="msfp_surveyinvite" parentDisplayName="Forms Pro survey invite" />
      </MissingDependency>
      <MissingDependency>
        <Required key="0" type="1" schemaName="msfp_surveyinvite" displayName="Forms Pro survey invite" solution="MicrosoftFormsPro (1.13.0.0)" />
        <Dependent key="52" type="2" schemaName="modifiedonbehalfbydsc" parentSchemaName="msfp_surveyinvite" parentDisplayName="Forms Pro survey invite" />
      </MissingDependency>
      <MissingDependency>
        <Required key="0" type="1" schemaName="msfp_surveyinvite" displayName="Forms Pro survey invite" solution="MicrosoftFormsPro (1.13.0.0)" />
        <Dependent key="53" type="2" schemaName="msfp_channelname" parentSchemaName="msfp_surveyinvite" parentDisplayName="Forms Pro survey invite" />
      </MissingDependency>
      <MissingDependency>
        <Required key="0" type="1" schemaName="msfp_surveyinvite" displayName="Forms Pro survey invite" solution="MicrosoftFormsPro (1.13.0.0)" />
        <Dependent key="54" type="2" schemaName="resources" displayName="Resources" parentSchemaName="msfp_surveyinvite" parentDisplayName="Forms Pro survey invite" />
      </MissingDependency>
      <MissingDependency>
        <Required key="0" type="1" schemaName="msfp_surveyinvite" displayName="Forms Pro survey invite" solution="MicrosoftFormsPro (1.13.0.0)" />
        <Dependent key="55" type="2" schemaName="sendermailboxidname" parentSchemaName="msfp_surveyinvite" parentDisplayName="Forms Pro survey invite" />
      </MissingDependency>
      <MissingDependency>
        <Required key="0" type="1" schemaName="msfp_surveyinvite" displayName="Forms Pro survey invite" solution="MicrosoftFormsPro (1.13.0.0)" />
        <Dependent key="56" type="2" schemaName="msfp_surveyidname" parentSchemaName="msfp_surveyinvite" parentDisplayName="Forms Pro survey invite" />
      </MissingDependency>
      <MissingDependency>
        <Required key="0" type="1" schemaName="msfp_surveyinvite" displayName="Forms Pro survey invite" solution="MicrosoftFormsPro (1.13.0.0)" />
        <Dependent key="57" type="2" schemaName="modifiedbyname" parentSchemaName="msfp_surveyinvite" parentDisplayName="Forms Pro survey invite" />
      </MissingDependency>
      <MissingDependency>
        <Required key="0" type="1" schemaName="msfp_surveyinvite" displayName="Forms Pro survey invite" solution="MicrosoftFormsPro (1.13.0.0)" />
        <Dependent key="58" type="2" schemaName="bcc" displayName="BCC" parentSchemaName="msfp_surveyinvite" parentDisplayName="Forms Pro survey invite" />
      </MissingDependency>
      <MissingDependency>
        <Required key="0" type="1" schemaName="msfp_surveyinvite" displayName="Forms Pro survey invite" solution="MicrosoftFormsPro (1.13.0.0)" />
        <Dependent key="59" type="2" schemaName="regardingobjectiddsc" parentSchemaName="msfp_surveyinvite" parentDisplayName="Forms Pro survey invite" />
      </MissingDependency>
      <MissingDependency>
        <Required key="0" type="1" schemaName="msfp_surveyinvite" displayName="Forms Pro survey invite" solution="MicrosoftFormsPro (1.13.0.0)" />
        <Dependent key="60" type="2" schemaName="transactioncurrencyidname" parentSchemaName="msfp_surveyinvite" parentDisplayName="Forms Pro survey invite" />
      </MissingDependency>
      <MissingDependency>
        <Required key="0" type="1" schemaName="msfp_surveyinvite" displayName="Forms Pro survey invite" solution="MicrosoftFormsPro (1.13.0.0)" />
        <Dependent key="61" type="2" schemaName="leftvoicemailname" parentSchemaName="msfp_surveyinvite" parentDisplayName="Forms Pro survey invite" />
      </MissingDependency>
      <MissingDependency>
        <Required key="0" type="1" schemaName="msfp_surveyinvite" displayName="Forms Pro survey invite" solution="MicrosoftFormsPro (1.13.0.0)" />
        <Dependent key="62" type="2" schemaName="transactioncurrencyid" displayName="Currency" parentSchemaName="msfp_surveyinvite" parentDisplayName="Forms Pro survey invite" />
      </MissingDependency>
      <MissingDependency>
        <Required key="0" type="1" schemaName="msfp_surveyinvite" displayName="Forms Pro survey invite" solution="MicrosoftFormsPro (1.13.0.0)" />
        <Dependent key="63" type="2" schemaName="slaid" displayName="SLA" parentSchemaName="msfp_surveyinvite" parentDisplayName="Forms Pro survey invite" />
      </MissingDependency>
      <MissingDependency>
        <Required key="0" type="1" schemaName="msfp_surveyinvite" displayName="Forms Pro survey invite" solution="MicrosoftFormsPro (1.13.0.0)" />
        <Dependent key="64" type="2" schemaName="createdbyyominame" parentSchemaName="msfp_surveyinvite" parentDisplayName="Forms Pro survey invite" />
      </MissingDependency>
      <MissingDependency>
        <Required key="0" type="1" schemaName="msfp_surveyinvite" displayName="Forms Pro survey invite" solution="MicrosoftFormsPro (1.13.0.0)" />
        <Dependent key="65" type="2" schemaName="prioritycodename" parentSchemaName="msfp_surveyinvite" parentDisplayName="Forms Pro survey invite" />
      </MissingDependency>
      <MissingDependency>
        <Required key="0" type="1" schemaName="msfp_surveyinvite" displayName="Forms Pro survey invite" solution="MicrosoftFormsPro (1.13.0.0)" />
        <Dependent key="66" type="2" schemaName="optionalattendees" displayName="Optional Attendees" parentSchemaName="msfp_surveyinvite" parentDisplayName="Forms Pro survey invite" />
      </MissingDependency>
      <MissingDependency>
        <Required key="0" type="1" schemaName="msfp_surveyinvite" displayName="Forms Pro survey invite" solution="MicrosoftFormsPro (1.13.0.0)" />
        <Dependent key="67" type="2" schemaName="sendermailboxid" displayName="Sender's Mailbox" parentSchemaName="msfp_surveyinvite" parentDisplayName="Forms Pro survey invite" />
      </MissingDependency>
      <MissingDependency>
        <Required key="0" type="1" schemaName="msfp_surveyinvite" displayName="Forms Pro survey invite" solution="MicrosoftFormsPro (1.13.0.0)" />
        <Dependent key="68" type="2" schemaName="owneridname" parentSchemaName="msfp_surveyinvite" parentDisplayName="Forms Pro survey invite" />
      </MissingDependency>
      <MissingDependency>
        <Required key="0" type="1" schemaName="msfp_surveyinvite" displayName="Forms Pro survey invite" solution="MicrosoftFormsPro (1.13.0.0)" />
        <Dependent key="69" type="2" schemaName="isworkflowcreatedname" parentSchemaName="msfp_surveyinvite" parentDisplayName="Forms Pro survey invite" />
      </MissingDependency>
      <MissingDependency>
        <Required key="0" type="1" schemaName="msfp_surveyinvite" displayName="Forms Pro survey invite" solution="MicrosoftFormsPro (1.13.0.0)" />
        <Dependent key="70" type="2" schemaName="regardingobjecttypecode" parentSchemaName="msfp_surveyinvite" parentDisplayName="Forms Pro survey invite" />
      </MissingDependency>
      <MissingDependency>
        <Required key="0" type="1" schemaName="msfp_surveyinvite" displayName="Forms Pro survey invite" solution="MicrosoftFormsPro (1.13.0.0)" />
        <Dependent key="71" type="2" schemaName="serviceidname" parentSchemaName="msfp_surveyinvite" parentDisplayName="Forms Pro survey invite" />
      </MissingDependency>
      <MissingDependency>
        <Required key="0" type="1" schemaName="msfp_surveyinvite" displayName="Forms Pro survey invite" solution="MicrosoftFormsPro (1.13.0.0)" />
        <Dependent key="72" type="2" schemaName="isbilledname" parentSchemaName="msfp_surveyinvite" parentDisplayName="Forms Pro survey invite" />
      </MissingDependency>
      <MissingDependency>
        <Required key="73" type="1" schemaName="msfp_surveyresponse" displayName="Forms Pro survey response" solution="MicrosoftFormsPro (1.13.0.0)" />
        <Dependent key="0" type="1" schemaName="msfp_surveyinvite" displayName="Forms Pro survey invite" />
      </MissingDependency>
      <MissingDependency>
        <Required key="0" type="1" schemaName="msfp_surveyinvite" displayName="Forms Pro survey invite" solution="MicrosoftFormsPro (1.13.0.0)" />
        <Dependent key="74" type="10" schemaName="msfp_msfp_survey_msfp_surveyinvite_surveyid" displayName="msfp_msfp_survey_msfp_surveyinvite_surveyid" parentSchemaName="msfp_surveyinvite" parentDisplayName="Forms Pro survey invite" />
      </MissingDependency>
      <MissingDependency>
        <Required key="75" type="1" schemaName="msfp_survey" displayName="Forms Pro survey" solution="MicrosoftFormsPro (1.13.0.0)" />
        <Dependent key="74" type="10" schemaName="msfp_msfp_survey_msfp_surveyinvite_surveyid" displayName="msfp_msfp_survey_msfp_surveyinvite_surveyid" parentSchemaName="msfp_surveyinvite" parentDisplayName="Forms Pro survey invite" />
      </MissingDependency>
      <MissingDependency>
        <Required key="76" type="2" schemaName="msfp_surveyid" displayName="Survey" parentSchemaName="msfp_survey" parentDisplayName="Forms Pro survey" solution="MicrosoftFormsPro (1.13.0.0)" />
        <Dependent key="74" type="10" schemaName="msfp_msfp_survey_msfp_surveyinvite_surveyid" displayName="msfp_msfp_survey_msfp_surveyinvite_surveyid" parentSchemaName="msfp_surveyinvite" parentDisplayName="Forms Pro survey invite" />
      </MissingDependency>
      <MissingDependency>
        <Required key="77" type="2" schemaName="msfp_name" displayName="Name" parentSchemaName="msfp_survey" parentDisplayName="Forms Pro survey" solution="MicrosoftFormsPro (1.13.0.0)" />
        <Dependent key="74" type="10" schemaName="msfp_msfp_survey_msfp_surveyinvite_surveyid" displayName="msfp_msfp_survey_msfp_surveyinvite_surveyid" parentSchemaName="msfp_surveyinvite" parentDisplayName="Forms Pro survey invite" />
      </MissingDependency>
      <MissingDependency>
        <Required key="78" type="2" schemaName="msfp_surveyid" displayName="Survey" parentSchemaName="msfp_surveyinvite" parentDisplayName="Forms Pro survey invite" solution="MicrosoftFormsPro (1.13.0.0)" />
        <Dependent key="74" type="10" schemaName="msfp_msfp_survey_msfp_surveyinvite_surveyid" displayName="msfp_msfp_survey_msfp_surveyinvite_surveyid" parentSchemaName="msfp_surveyinvite" parentDisplayName="Forms Pro survey invite" />
      </MissingDependency>
      <MissingDependency>
        <Required key="74" type="10" schemaName="msfp_msfp_survey_msfp_surveyinvite_surveyid" displayName="msfp_msfp_survey_msfp_surveyinvite_surveyid" parentSchemaName="msfp_surveyinvite" parentDisplayName="Forms Pro survey invite" solution="MicrosoftFormsPro (1.13.0.0)" />
        <Dependent key="74" type="10" schemaName="msfp_msfp_survey_msfp_surveyinvite_surveyid" displayName="msfp_msfp_survey_msfp_surveyinvite_surveyid" parentSchemaName="msfp_surveyinvite" parentDisplayName="Forms Pro survey invite" />
      </MissingDependency>
      <MissingDependency>
        <Required key="74" type="10" schemaName="msfp_msfp_survey_msfp_surveyinvite_surveyid" displayName="msfp_msfp_survey_msfp_surveyinvite_surveyid" parentSchemaName="msfp_surveyinvite" parentDisplayName="Forms Pro survey invite" solution="MicrosoftFormsPro (1.13.0.0)" />
        <Dependent key="56" type="2" schemaName="msfp_surveyidname" parentSchemaName="msfp_surveyinvite" parentDisplayName="Forms Pro survey invite" />
      </MissingDependency>
      <MissingDependency>
        <Required key="79" type="50" schemaName=":RibbonDiffXml" parentSchemaName="ribboncustomization" parentDisplayName="Application Ribbons" solution="ActivityFeedsCore (9.0.0.0)" />
        <Dependent key="80" type="50" schemaName="syed_solutiondetail:RibbonDiffXml" parentSchemaName="ribboncustomization" parentDisplayName="Application Ribbons" />
      </MissingDependency>
      <MissingDependency>
        <Required key="79" type="50" schemaName=":RibbonDiffXml" parentSchemaName="ribboncustomization" parentDisplayName="Application Ribbons" solution="ActivityFeedsCore (9.0.0.0)" />
        <Dependent key="81" type="50" schemaName="syed_mergesolutions:RibbonDiffXml" parentSchemaName="ribboncustomization" parentDisplayName="Application Ribbons" />
      </MissingDependency>
      <MissingDependency>
        <Required key="79" type="50" schemaName=":RibbonDiffXml" parentSchemaName="ribboncustomization" parentDisplayName="Application Ribbons" solution="ActivityFeedsCore (9.0.0.0)" />
        <Dependent key="82" type="50" schemaName="syed_sourcecontrolqueue:RibbonDiffXml" parentSchemaName="ribboncustomization" parentDisplayName="Application Ribbons" />
      </MissingDependency>
      <MissingDependency>
        <Required key="83" type="50" schemaName=":RibbonDiffXml" parentSchemaName="ribboncustomization" parentDisplayName="Application Ribbons" solution="GuidedHelp (1.2.0.2)" />
        <Dependent key="81" type="50" schemaName="syed_mergesolutions:RibbonDiffXml" parentSchemaName="ribboncustomization" parentDisplayName="Application Ribbons" />
      </MissingDependency>
      <MissingDependency>
        <Required key="83" type="50" schemaName=":RibbonDiffXml" parentSchemaName="ribboncustomization" parentDisplayName="Application Ribbons" solution="GuidedHelp (1.2.0.2)" />
        <Dependent key="80" type="50" schemaName="syed_solutiondetail:RibbonDiffXml" parentSchemaName="ribboncustomization" parentDisplayName="Application Ribbons" />
      </MissingDependency>
      <MissingDependency>
        <Required key="84" type="50" schemaName=":RibbonDiffXml" parentSchemaName="ribboncustomization" parentDisplayName="Application Ribbons" solution="YammerIntegration (9.0.1.098)" />
        <Dependent key="81" type="50" schemaName="syed_mergesolutions:RibbonDiffXml" parentSchemaName="ribboncustomization" parentDisplayName="Application Ribbons" />
      </MissingDependency>
      <MissingDependency>
        <Required key="84" type="50" schemaName=":RibbonDiffXml" parentSchemaName="ribboncustomization" parentDisplayName="Application Ribbons" solution="YammerIntegration (9.0.1.098)" />
        <Dependent key="80" type="50" schemaName="syed_solutiondetail:RibbonDiffXml" parentSchemaName="ribboncustomization" parentDisplayName="Application Ribbons" />
      </MissingDependency>
      <MissingDependency>
        <Required key="85" type="50" schemaName=":RibbonDiffXml" parentSchemaName="ribboncustomization" parentDisplayName="Application Ribbons" solution="AppforOutlook (1.2.13.0)" />
        <Dependent key="82" type="50" schemaName="syed_sourcecontrolqueue:RibbonDiffXml" parentSchemaName="ribboncustomization" parentDisplayName="Application Ribbons" />
      </MissingDependency>
      <MissingDependency>
        <Required key="85" type="50" schemaName=":RibbonDiffXml" parentSchemaName="ribboncustomization" parentDisplayName="Application Ribbons" solution="AppforOutlook (1.2.13.0)" />
        <Dependent key="80" type="50" schemaName="syed_solutiondetail:RibbonDiffXml" parentSchemaName="ribboncustomization" parentDisplayName="Application Ribbons" />
      </MissingDependency>
      <MissingDependency>
        <Required key="83" type="50" schemaName=":RibbonDiffXml" parentSchemaName="ribboncustomization" parentDisplayName="Application Ribbons" solution="GuidedHelp (1.2.0.2)" />
        <Dependent key="82" type="50" schemaName="syed_sourcecontrolqueue:RibbonDiffXml" parentSchemaName="ribboncustomization" parentDisplayName="Application Ribbons" />
      </MissingDependency>
      <MissingDependency>
        <Required key="84" type="50" schemaName=":RibbonDiffXml" parentSchemaName="ribboncustomization" parentDisplayName="Application Ribbons" solution="YammerIntegration (9.0.1.098)" />
        <Dependent key="82" type="50" schemaName="syed_sourcecontrolqueue:RibbonDiffXml" parentSchemaName="ribboncustomization" parentDisplayName="Application Ribbons" />
      </MissingDependency>
      <MissingDependency>
        <Required key="85" type="50" schemaName=":RibbonDiffXml" parentSchemaName="ribboncustomization" parentDisplayName="Application Ribbons" solution="AppforOutlook (1.2.13.0)" />
        <Dependent key="81" type="50" schemaName="syed_mergesolutions:RibbonDiffXml" parentSchemaName="ribboncustomization" parentDisplayName="Application Ribbons" />
      </MissingDependency>
      <MissingDependency>
        <Required key="86" type="66" schemaName="MscrmControls.Grid.GridControl" displayName="MscrmControls.Grid.GridControl" solution="BaseCustomControlsCore (9.0.1909.1002)" />
        <Dependent key="87" type="60" displayName="Information" parentDisplayName="Source Control" id="{3dc775e7-36ac-4ad6-8823-b367bdcdc039}" />
      </MissingDependency>
      <MissingDependency>
        <Required key="86" type="66" schemaName="MscrmControls.Grid.GridControl" displayName="MscrmControls.Grid.GridControl" solution="BaseCustomControlsCore (9.0.1909.1002)" />
        <Dependent key="88" type="60" displayName="Information" parentDisplayName="Source Control" id="{be8f7d41-f3a0-466c-a09e-aaa15864d60c}" />
      </MissingDependency>
      <MissingDependency>
        <Required key="89" type="61" schemaName="msdyn_/Images/AppModule_Default_Icon.png" displayName="msdyn_/Images/AppModule_Default_Icon.png" solution="AppModuleWebResources (2.5)" />
        <Dependent key="90" type="80" schemaName="syed_DeploymentHub" displayName="Deployment Hub" />
      </MissingDependency>
    </MissingDependencies>
  </SolutionManifest>
</ImportExportXml>