{"name":"23ec6192-1651-4b66-9100-93e047c9349a","id":"/providers/Microsoft.Flow/flows/23ec6192-1651-4b66-9100-93e047c9349a","type":"Microsoft.Flow/flows","properties":{"apiId":"/providers/Microsoft.PowerApps/apis/shared_logicflows","displayName":"TriggerWebJob","definition":{"metadata":{"workflowEntityId":null,"creator":{"id":"624bcded-2c2f-45a2-be40-ab9ddedf8675","type":"User","tenantId":"d9a1b506-a006-4359-966b-696cb2dad64d"},"provisioningMethod":"FromDefinition","failureAlertSubscription":true,"clientLastModifiedTime":"2019-07-29T04:48:56.283678Z"},"$schema":"https://schema.management.azure.com/providers/Microsoft.Logic/schemas/2016-06-01/workflowdefinition.json#","contentVersion":"1.0.0.0","parameters":{"$connections":{"defaultValue":{},"type":"Object"},"$authentication":{"defaultValue":{},"type":"SecureObject"}},"triggers":{"When_a_record_is_created_or_updated":{"recurrence":{"interval":1,"frequency":"Minute"},"splitOn":"@triggerBody()?['value']","metadata":{"flowSystemMetadata":{"swaggerOperationId":"GetOnUpdatedItems_V2"}},"type":"ApiConnection","inputs":{"host":{"connection":{"name":"@parameters('$connections')['shared_dynamicscrmonline']['connectionId']"},"api":{"runtimeUrl":"https://india-001.azure-apim.net/apim/dynamicscrmonline"}},"method":"get","path":"/v2/datasets/@{encodeURIComponent(encodeURIComponent('orgb73ad31e.crm8'))}/tables/@{encodeURIComponent(encodeURIComponent('syed_sourcecontrolqueues'))}/onupdateditems","authentication":"@parameters('$authentication')"}}},"actions":{"Condition":{"actions":{"HTTP":{"runAfter":{},"type":"Http","inputs":{"method":"POST","uri":"https://crmsolutionwebjobs.scm.azurewebsites.net/api/triggeredwebjobs/SolutionMergerWebJob/run","authentication":{"type":"Basic","username":"$CRMSolutionWebJobs","password":"eoZmwmJnXt6uySfiCdrykBa8Ji0i6AScHHfx2iGJAtwDdnn84zB29L1HgixY"}}}},"runAfter":{},"expression":{"equals":["@triggerBody()?['syed_status']","Queued"]},"type":"If"}}},"connectionReferences":{"shared_dynamicscrmonline":{"connectionName":"shared-dynamicscrmon-020ca753-2505-4c8e-ab5e-b19b7beead3c","source":"Embedded","id":"/providers/Microsoft.PowerApps/apis/shared_dynamicscrmonline","tier":"NotSpecified"}},"flowFailureAlertSubscribed":false}}