<ImportExportXml xmlns:xsi="http://www.w3.org/2001/XMLSchema-instance">
  <Entities>
    <Entity>
      <Name LocalizedName="Address" OriginalName="">CustomerAddress</Name>
      <EntityInfo>
        <entity Name="CustomerAddress" unmodified="1">
          <attributes />
        </entity>
      </EntityInfo>
      <FormXml>
        <forms type="main">
          <systemform unmodified="1">
            <formid>{df5bef3a-9237-40bd-a27c-2cd7fd434706}</formid>
            <IntroducedVersion>5.0.0.0</IntroducedVersion>
            <FormPresentation>0</FormPresentation>
            <FormActivationState>1</FormActivationState>
            <form>
              <hiddencontrols>
                <data id="parentid" datafieldname="parentid" classid="{5546E6CD-394C-4bee-94A8-4425E17EF6C6}" />
                <data id="objecttypecode" datafieldname="objecttypecode" classid="{5546E6CD-394C-4bee-94A8-4425E17EF6C6}" />
                <data id="addressnumber" datafieldname="addressnumber" classid="{5546E6CD-394C-4bee-94A8-4425E17EF6C6}" />
              </hiddencontrols>
              <tabs>
                <tab name="general" verticallayout="true" id="{7a1719bc-52d2-415f-add9-c47470e362c2}" IsUserDefined="0">
                  <labels>
                    <label description="General" languagecode="1033" />
                  </labels>
                  <columns>
                    <column width="100%">
                      <sections>
                        <section name="customer address information" showlabel="false" showbar="false" id="{e94c2d90-e386-47a5-bc0e-23659c114b80}" IsUserDefined="0">
                          <labels>
                            <label description="Customer Address Information" languagecode="1033" />
                          </labels>
                          <rows>
                            <row>
                              <cell id="{68f0d6ff-0937-420d-bfec-3015d0508ff3}">
                                <labels>
                                  <label description="Address Name" languagecode="1033" />
                                </labels>
                                <control id="name" classid="{4273EDBD-AC1D-40d3-9FB2-095C621B552D}" datafieldname="name" />
                              </cell>
                              <cell id="{384843ec-9348-4ddd-902d-0a658402ed7b}">
                                <labels>
                                  <label description="State/Province" languagecode="1033" />
                                </labels>
                                <control id="stateorprovince" classid="{4273EDBD-AC1D-40d3-9FB2-095C621B552D}" datafieldname="stateorprovince" />
                              </cell>
                            </row>
                            <row>
                              <cell id="{fb53851a-8ffc-4c1e-97ce-d5e64b605254}">
                                <labels>
                                  <label description="Street 1" languagecode="1033" />
                                </labels>
                                <control id="line1" classid="{4273EDBD-AC1D-40d3-9FB2-095C621B552D}" datafieldname="line1" />
                              </cell>
                              <cell id="{5c910bec-c2c1-46d3-95b2-99d66479f773}">
                                <labels>
                                  <label description="ZIP/Postal Code" languagecode="1033" />
                                </labels>
                                <control id="postalcode" classid="{4273EDBD-AC1D-40d3-9FB2-095C621B552D}" datafieldname="postalcode" />
                              </cell>
                            </row>
                            <row>
                              <cell id="{8f23fa12-5b1c-4e2b-a293-2057f43a17fd}">
                                <labels>
                                  <label description="Street 2" languagecode="1033" />
                                </labels>
                                <control id="line2" classid="{4273EDBD-AC1D-40d3-9FB2-095C621B552D}" datafieldname="line2" />
                              </cell>
                              <cell id="{2894e481-8da5-4145-a845-36f2f1df23fa}">
                                <labels>
                                  <label description="Country/Region" languagecode="1033" />
                                </labels>
                                <control id="country" classid="{4273EDBD-AC1D-40d3-9FB2-095C621B552D}" datafieldname="country" />
                              </cell>
                            </row>
                            <row>
                              <cell id="{7d000d48-788c-41a2-8bcf-7e214de02e29}">
                                <labels>
                                  <label description="Street 3" languagecode="1033" />
                                </labels>
                                <control id="line3" classid="{4273EDBD-AC1D-40d3-9FB2-095C621B552D}" datafieldname="line3" />
                              </cell>
                              <cell id="{30161a75-fc6f-47af-93c7-e03f0597e9f8}">
                                <labels>
                                  <label description="Address Type" languagecode="1033" />
                                </labels>
                                <control id="addresstypecode" classid="{3EF39988-22BB-4f0b-BBBE-64B5A3748AEE}" datafieldname="addresstypecode" />
                              </cell>
                            </row>
                            <row>
                              <cell id="{701889c5-da1f-409a-af48-4fd46c7b4045}">
                                <labels>
                                  <label description="City" languagecode="1033" />
                                </labels>
                                <control id="city" classid="{4273EDBD-AC1D-40d3-9FB2-095C621B552D}" datafieldname="city" />
                              </cell>
                              <cell id="{a427cb71-edc1-4800-a0c4-aa921820f17f}">
                                <labels>
                                  <label description="" languagecode="1033" />
                                </labels>
                              </cell>
                            </row>
                          </rows>
                        </section>
                        <section name="phone numbers" showlabel="true" showbar="true" id="{fd35da8d-5a6b-4302-bf66-009daf60f42b}" IsUserDefined="0">
                          <labels>
                            <label description="Phone Numbers" languagecode="1033" />
                          </labels>
                          <rows>
                            <row>
                              <cell id="{4c2e84c2-dc5a-4547-b249-0a08fcdf306d}">
                                <labels>
                                  <label description="Main Phone" languagecode="1033" />
                                </labels>
                                <control id="telephone1" classid="{4273EDBD-AC1D-40d3-9FB2-095C621B552D}" datafieldname="telephone1" />
                              </cell>
                              <cell id="{883698dc-8489-428a-89f2-f6ac490bc9af}">
                                <labels>
                                  <label description="Fax" languagecode="1033" />
                                </labels>
                                <control id="fax" classid="{4273EDBD-AC1D-40d3-9FB2-095C621B552D}" datafieldname="fax" />
                              </cell>
                            </row>
                            <row>
                              <cell id="{7002665b-441b-4e66-bdb2-d545f31418b4}">
                                <labels>
                                  <label description="Phone 2" languagecode="1033" />
                                </labels>
                                <control id="telephone2" classid="{4273EDBD-AC1D-40d3-9FB2-095C621B552D}" datafieldname="telephone2" />
                              </cell>
                              <cell id="{6d915df1-ae01-463b-a735-e8850bc58e63}">
                                <labels>
                                  <label description="" languagecode="1033" />
                                </labels>
                              </cell>
                            </row>
                          </rows>
                        </section>
                        <section name="additional information" showlabel="true" showbar="true" id="{98042d80-87b4-48e5-98fe-843d9c804bf4}" IsUserDefined="0">
                          <labels>
                            <label description="Additional Information" languagecode="1033" />
                          </labels>
                          <rows>
                            <row>
                              <cell id="{58cb20e5-1ab0-4d96-ab91-f6bd17a43d37}">
                                <labels>
                                  <label description="Shipping Method" languagecode="1033" />
                                </labels>
                                <control id="shippingmethodcode" classid="{3EF39988-22BB-4f0b-BBBE-64B5A3748AEE}" datafieldname="shippingmethodcode" />
                              </cell>
                              <cell id="{22e101d2-bb9d-40fa-9492-ad35a60f93e0}">
                                <labels>
                                  <label description="Address Contact" languagecode="1033" />
                                </labels>
                                <control id="primarycontactname" classid="{4273EDBD-AC1D-40d3-9FB2-095C621B552D}" datafieldname="primarycontactname" />
                              </cell>
                            </row>
                            <row>
                              <cell id="{f5563e02-f303-4d9c-b794-3c9b0dd24a5c}">
                                <labels>
                                  <label description="Freight Terms" languagecode="1033" />
                                </labels>
                                <control id="freighttermscode" classid="{3EF39988-22BB-4f0b-BBBE-64B5A3748AEE}" datafieldname="freighttermscode" />
                              </cell>
                              <cell id="{8073d79b-05e9-4a3f-9278-577fae9f9bb0}">
                                <labels>
                                  <label description="" languagecode="1033" />
                                </labels>
                              </cell>
                            </row>
                          </rows>
                        </section>
                      </sections>
                    </column>
                  </columns>
                </tab>
              </tabs>
            </form>
            <LocalizedNames>
              <LocalizedName description="Information" languagecode="1033" />
            </LocalizedNames>
            <Descriptions>
              <Description description="A form for this entity." languagecode="1033" />
            </Descriptions>
          </systemform>
        </forms>
      </FormXml>
      <RibbonDiffXml>
        <CustomActions />
        <Templates>
          <RibbonTemplates Id="Mscrm.Templates"></RibbonTemplates>
        </Templates>
        <CommandDefinitions />
        <RuleDefinitions>
          <TabDisplayRules />
          <DisplayRules />
          <EnableRules />
        </RuleDefinitions>
        <LocLabels />
      </RibbonDiffXml>
    </Entity>
  </Entities>
  <Roles></Roles>
  <Workflows></Workflows>
  <FieldSecurityProfiles></FieldSecurityProfiles>
  <Templates />
  <EntityMaps />
  <EntityRelationships />
  <OrganizationSettings />
  <optionsets />
  <WebResources>
    <WebResource>
      <WebResourceId>{0e911e71-67ba-e911-a957-000d3af0677f}</WebResourceId>
      <Name>syed_/HTML/a.html</Name>
      <DisplayName>syed_/HTML/a.html</DisplayName>
      <LanguageCode>1033</LanguageCode>
      <WebResourceType>1</WebResourceType>
      <IntroducedVersion>1.0</IntroducedVersion>
      <IsEnabledForMobileClient>0</IsEnabledForMobileClient>
      <IsAvailableForMobileOffline>0</IsAvailableForMobileOffline>
      <DependencyXml>&lt;Dependencies&gt;&lt;Dependency componentType="WebResource"/&gt;&lt;/Dependencies&gt;</DependencyXml>
      <IsCustomizable>1</IsCustomizable>
      <CanBeDeleted>1</CanBeDeleted>
      <IsHidden>0</IsHidden>
      <FileName>/WebResources/syed_HTMLahtml0E911E71-67BA-E911-A957-000D3AF0677F</FileName>
    </WebResource>
  </WebResources>
  <CustomControls />
  <EntityDataProviders />
  <Languages>
    <Language>1033</Language>
  </Languages>
</ImportExportXml>