{"properties":{"connectionReferences":{"shared_commondataserviceforapps":{"impersonation":{},"runtimeSource":"embedded","connection":{},"api":{"name":"shared_commondataserviceforapps"}},"shared_commondataservice_1":{"runtimeSource":"embedded","connection":{},"api":{"name":"shared_commondataservice"}},"shared_visualstudioteamservices":{"runtimeSource":"embedded","connection":{},"api":{"name":"shared_visualstudioteamservices"}},"shared_commondataservice":{"runtimeSource":"embedded","connection":{},"api":{"name":"shared_commondataservice"}},"shared_teams":{"runtimeSource":"embedded","connection":{},"api":{"name":"shared_teams"}},"shared_commondataserviceforapps_1":{"impersonation":{},"runtimeSource":"embedded","connection":{},"api":{"name":"shared_commondataserviceforapps"}}},"definition":{"$schema":"https://schema.management.azure.com/providers/Microsoft.Logic/schemas/2016-06-01/workflowdefinition.json#","contentVersion":"1.0.0.0","parameters":{"$connections":{"defaultValue":{},"type":"Object"},"$authentication":{"defaultValue":{},"type":"SecureObject"}},"triggers":{"When_a_record_is_created,_updated_or_deleted":{"type":"OpenApiConnectionWebhook","inputs":{"host":{"apiId":"/providers/Microsoft.PowerApps/apis/shared_commondataserviceforapps","connectionName":"shared_commondataserviceforapps_1","operationId":"SubscribeWebhookTrigger"},"parameters":{"subscriptionRequest/message":3,"subscriptionRequest/entityname":"syed_sourcecontrolqueue","subscriptionRequest/scope":4,"subscriptionRequest/filteringattributes":"syed_status","subscriptionRequest/filterexpression":"syed_status eq 'Ready for release'","subscriptionRequest/name":"b7fbc8c7-7c82-ea11-a812-000d3a8cc689"},"authentication":"@parameters('$authentication')"}}},"actions":{"List_records_Master_Solution":{"runAfter":{"Create_a_new_record":["Succeeded"]},"type":"OpenApiConnection","inputs":{"host":{"apiId":"/providers/Microsoft.PowerApps/apis/shared_commondataserviceforapps","connectionName":"shared_commondataserviceforapps","operationId":"ListRecords"},"parameters":{"entityName":"syed_solutiondetails","$filter":"_syed_listofsolutionid_value eq @{triggerOutputs()?['body/syed_sourcecontrolqueueid']}","$orderby":"syed_order"},"authentication":"@parameters('$authentication')"}},"Apply_to_each_of_Master_Solution":{"foreach":"@outputs('List_records_Master_Solution')?['body/value']","actions":{"Condition_2":{"actions":{"Create_a_new_Record_Note_for_Build":{"runAfter":{"Set_variable_Build_Url":["Succeeded"]},"type":"OpenApiConnection","inputs":{"host":{"apiId":"/providers/Microsoft.PowerApps/apis/shared_commondataservice","connectionName":"shared_commondataservice_1","operationId":"PostItem_V2"},"parameters":{"dataset":"default.cds","table":"annotations","item/subject":"Build completed","item/notetext":"Solution Name: @{items('Apply_to_each_of_Master_Solution')?['syed_listofsolutions']}\nPackage Type: @{variables('PackageType')}\nBuild URL: @{outputs('Queue_a_new_build')?['body/_links/web/href']}","item/isdocument":false,"item/_ownerid_type":"","item/_objectid_value":"@triggerOutputs()?['body/syed_sourcecontrolqueueid']","item/_objectid_type":"syed_sourcecontrolqueues"},"authentication":"@parameters('$authentication')"}},"Set_variable_Build_Url":{"runAfter":{"Set_Build_Complete_Variable_to_false":["Succeeded"]},"type":"SetVariable","inputs":{"name":"BuildURL","value":"@{substring(outputs('Queue_a_new_build')?['body/_links/web/href'], 0, 71)}"}},"Set_Build_Complete_Variable_to_false":{"runAfter":{"Tag_Build_Send_an_HTTP_request_to_Azure_DevOps":["Succeeded"]},"type":"SetVariable","inputs":{"name":"IsBuildComplete","value":false}},"Queue_a_new_build":{"runAfter":{"Set_string_value_to_IsManaged":["Succeeded"]},"type":"OpenApiConnection","inputs":{"host":{"apiId":"/providers/Microsoft.PowerApps/apis/shared_visualstudioteamservices","connectionName":"shared_visualstudioteamservices","operationId":"QueueNewBuild"},"parameters":{"account":"dspdeppm","project":"MCOI BOSE Compass","buildDefId":"198","buildDetails/sourceBranch":"@triggerOutputs()?['body/syed_branch']","buildDetails/parameters":"{\n  \"SolutionsName\": \"@{items('Apply_to_each_of_Master_Solution')?['syed_listofsolutions']}\",\n  \"SolutionsFileName\": \"@{items('Apply_to_each_of_Master_Solution')?['syed_solutionfilename']}\",\n  \"ConfigIds\": \"@{triggerOutputs()?['body/syed_sourcecontrolqueueid']}\",\n  \"PackageType\": \"@{variables('PackageType')}\"\n}"},"authentication":"@parameters('$authentication')"}},"Set_variable_Package_type":{"runAfter":{},"type":"SetVariable","inputs":{"name":"PackageType","value":"@{items('Apply_to_each_of_Master_Solution')?['syed_exportas']}"}},"Set_string_value_to_IsManaged":{"actions":{"Set_IsManaged_to_Managed":{"runAfter":{},"type":"SetVariable","inputs":{"name":"PackageType","value":"Managed"}}},"runAfter":{"Set_variable_Package_type":["Succeeded"]},"else":{"actions":{"Set_IsManaged_to_Unmanaged":{"runAfter":{},"type":"SetVariable","inputs":{"name":"PackageType","value":"Unmanaged"}}}},"expression":{"equals":["@variables('PackageType')","True"]},"type":"If"},"Do_until_2":{"actions":{"Send_an_HTTP_request_to_Azure_DevOps_2":{"runAfter":{},"type":"OpenApiConnection","inputs":{"host":{"apiId":"/providers/Microsoft.PowerApps/apis/shared_visualstudioteamservices","connectionName":"shared_visualstudioteamservices","operationId":"HttpRequest"},"parameters":{"account":"dspdeppm","parameters/Method":"GET","parameters/Uri":"MCOI BOSE Compass/_apis/build/builds/@{outputs('Queue_a_new_build')?['body/id']}"},"authentication":"@parameters('$authentication')"}},"Parse_JSON_Http_Response_Build_Status_Check__2":{"runAfter":{"Send_an_HTTP_request_to_Azure_DevOps_2":["Succeeded"]},"type":"ParseJson","inputs":{"content":"@outputs('Send_an_HTTP_request_to_Azure_DevOps_2')?['body']","schema":{"type":"object","properties":{"_links":{"type":"object","properties":{"self":{"type":"object","properties":{"href":{"type":"string"}}},"web":{"type":"object","properties":{"href":{"type":"string"}}},"sourceVersionDisplayUri":{"type":"object","properties":{"href":{"type":"string"}}},"timeline":{"type":"object","properties":{"href":{"type":"string"}}},"badge":{"type":"object","properties":{"href":{"type":"string"}}}}},"properties":{"type":"object","properties":{}},"tags":{"type":"array"},"validationResults":{"type":"array"},"plans":{"type":"array","items":{"type":"object","properties":{"planId":{"type":"string"}},"required":["planId"]}},"triggerInfo":{"type":"object","properties":{}},"id":{"type":"integer"},"buildNumber":{"type":"string"},"status":{"type":"string"},"result":{"type":"string"},"queueTime":{"type":"string"},"startTime":{"type":"string"},"finishTime":{"type":"string"},"url":{"type":"string"},"definition":{"type":"object","properties":{"drafts":{"type":"array"},"id":{"type":"integer"},"name":{"type":"string"},"url":{"type":"string"},"uri":{"type":"string"},"path":{"type":"string"},"type":{"type":"string"},"queueStatus":{"type":"string"},"revision":{"type":"integer"},"project":{"type":"object","properties":{"id":{"type":"string"},"name":{"type":"string"},"description":{"type":"string"},"url":{"type":"string"},"state":{"type":"string"},"revision":{"type":"integer"},"visibility":{"type":"string"},"lastUpdateTime":{"type":"string"}}}}},"project":{"type":"object","properties":{"id":{"type":"string"},"name":{"type":"string"},"description":{"type":"string"},"url":{"type":"string"},"state":{"type":"string"},"revision":{"type":"integer"},"visibility":{"type":"string"},"lastUpdateTime":{"type":"string"}}},"uri":{"type":"string"},"sourceBranch":{"type":"string"},"sourceVersion":{"type":"string"},"queue":{"type":"object","properties":{"id":{"type":"integer"},"name":{"type":"string"},"pool":{"type":"object","properties":{"id":{"type":"integer"},"name":{"type":"string"},"isHosted":{"type":"boolean"}}}}},"priority":{"type":"string"},"reason":{"type":"string"},"requestedFor":{"type":"object","properties":{"displayName":{"type":"string"},"url":{"type":"string"},"_links":{"type":"object","properties":{"avatar":{"type":"object","properties":{"href":{"type":"string"}}}}},"id":{"type":"string"},"uniqueName":{"type":"string"},"imageUrl":{"type":"string"},"descriptor":{"type":"string"}}},"requestedBy":{"type":"object","properties":{"displayName":{"type":"string"},"url":{"type":"string"},"_links":{"type":"object","properties":{"avatar":{"type":"object","properties":{"href":{"type":"string"}}}}},"id":{"type":"string"},"uniqueName":{"type":"string"},"imageUrl":{"type":"string"},"descriptor":{"type":"string"}}},"lastChangedDate":{"type":"string"},"lastChangedBy":{"type":"object","properties":{"displayName":{"type":"string"},"url":{"type":"string"},"_links":{"type":"object","properties":{"avatar":{"type":"object","properties":{"href":{"type":"string"}}}}},"id":{"type":"string"},"uniqueName":{"type":"string"},"imageUrl":{"type":"string"},"descriptor":{"type":"string"}}},"parameters":{"type":"string"},"orchestrationPlan":{"type":"object","properties":{"planId":{"type":"string"}}},"logs":{"type":"object","properties":{"id":{"type":"integer"},"type":{"type":"string"},"url":{"type":"string"}}},"repository":{"type":"object","properties":{"id":{"type":"string"},"type":{"type":"string"},"name":{"type":"string"},"url":{"type":"string"},"clean":{},"checkoutSubmodules":{"type":"boolean"}}},"keepForever":{"type":"boolean"},"retainedByRelease":{"type":"boolean"}}}}},"Condition_3":{"actions":{"is_cancelled_4":{"actions":{},"runAfter":{},"else":{"actions":{"Set_Build_Complete_Variable_3":{"runAfter":{},"type":"SetVariable","inputs":{"name":"IsBuildComplete","value":true}},"Create_a_new_Record_Note_for_Release_3":{"runAfter":{"Update_PowerApps_Solution_Requests_with_release_Status":["Succeeded"]},"type":"OpenApiConnection","inputs":{"host":{"apiId":"/providers/Microsoft.PowerApps/apis/shared_commondataservice","connectionName":"shared_commondataservice","operationId":"PostItem_V2"},"parameters":{"dataset":"default.cds","table":"annotations","item/subject":"Release completed","item/notetext":"Solution: @{items('Apply_to_each_of_Master_Solution')?['syed_listofsolutions']}\nPackage Type: @{variables('PackageType')}\nBuild URL: @{outputs('Queue_a_new_build')?['body/_links/web/href']}\nRelease URL: @{variables('BuildURL')}_releaseProgress?_a=release-pipeline-progress&releaseId=@{outputs('Create_a_new_release_2')?['body/Id']}","item/isdocument":false,"item/_ownerid_type":"","item/_objectid_value":"@triggerOutputs()?['body/syed_sourcecontrolqueueid']","item/_objectid_type":"syed_sourcecontrolqueues"},"authentication":"@parameters('$authentication')"}},"Create_a_new_release_2":{"runAfter":{"Update_PowerApps_Solution_Requests_with_release_Status_2":["Succeeded"]},"type":"OpenApiConnection","inputs":{"host":{"apiId":"/providers/Microsoft.PowerApps/apis/shared_visualstudioteamservices","connectionName":"shared_visualstudioteamservices","operationId":"CreateRelease"},"parameters":{"account":"dspdeppm","project":"MCOI BOSE Compass","releaseDefId":"18","releaseStartMetadata/IsDraft":false,"releaseStartMetadata/Reason":"Manual","releaseStartMetadata/Variables":[{"Name":"SolutionsName","Value":"@items('Apply_to_each_of_Master_Solution')?['syed_listofsolutions']"},{"Name":"ReleaseSolutionName","Value":"@items('Apply_to_each_of_Master_Solution')?['syed_solutionfilename']"},{"Name":"ConfigIds","Value":"@triggerOutputs()?['body/syed_sourcecontrolqueueid']"},{"Name":"PackageType","Value":"@variables('PackageType')"}]},"authentication":"@parameters('$authentication')"}},"Update_PowerApps_Solution_Requests_with_release_Status_2":{"runAfter":{"Set_Build_Complete_Variable_3":["Succeeded"]},"type":"OpenApiConnection","inputs":{"host":{"apiId":"/providers/Microsoft.PowerApps/apis/shared_commondataserviceforapps","connectionName":"shared_commondataserviceforapps","operationId":"UpdateRecord"},"parameters":{"entityName":"syed_sourcecontrolqueues","recordId":"@triggerOutputs()?['body/syed_sourcecontrolqueueid']","item/syed_status":"Triggering Release"},"authentication":"@parameters('$authentication')"}},"Update_PowerApps_Solution_Requests_with_release_Status":{"runAfter":{"Post_a_message_as_the_Flow_bot_to_a_channel":["Succeeded"]},"type":"OpenApiConnection","inputs":{"host":{"apiId":"/providers/Microsoft.PowerApps/apis/shared_commondataserviceforapps","connectionName":"shared_commondataserviceforapps","operationId":"UpdateRecord"},"parameters":{"entityName":"syed_sourcecontrolqueues","recordId":"@triggerOutputs()?['body/syed_sourcecontrolqueueid']","item/syed_status":"Triggered Release"},"authentication":"@parameters('$authentication')"}},"Post_a_message_as_the_Flow_bot_to_a_channel":{"runAfter":{"Create_a_new_release_2":["Succeeded"]},"type":"OpenApiConnection","inputs":{"host":{"apiId":"/providers/Microsoft.PowerApps/apis/shared_teams","connectionName":"shared_teams","operationId":"PostChannelNotification"},"parameters":{"groupId":"988116d4-93ed-4974-8a72-c63115357679","PostNotificationRequest/recipient/channelId":"19:263527830a2a4042a90b389e1a78081b@thread.skype","PostNotificationRequest/messageBody":"Release triggered: @{variables('BuildURL')}_releaseProgress?_a=release-pipeline-progress&releaseId=@{outputs('Create_a_new_release_2')?['body/Id']}"},"authentication":"@parameters('$authentication')"}}}},"expression":{"or":[{"equals":["@body('Parse_JSON_Http_Response_Build_Status_Check__2')?['result']","canceled"]},{"equals":["@body('Parse_JSON_Http_Response_Build_Status_Check__2')?['result']","failed"]}]},"type":"If"}},"runAfter":{"Update_PowerApps_Solution_Requests_with_Build_Status":["Succeeded"]},"else":{"actions":{"Delay_2":{"runAfter":{},"type":"Wait","inputs":{"interval":{"count":39,"unit":"Second"}}}}},"expression":{"equals":["@variables('Build Status')","completed"]},"type":"If"},"Set_variable_Build_Status_2":{"runAfter":{"Parse_JSON_Http_Response_Build_Status_Check__2":["Succeeded"]},"type":"SetVariable","inputs":{"name":"Build Status","value":"@body('Parse_JSON_Http_Response_Build_Status_Check__2')?['status']"}},"is_cancelled_3":{"actions":{"Set_variable_isAborted_to_true_2":{"runAfter":{},"type":"SetVariable","inputs":{"name":"isAborted","value":true}},"Set_Build_Complete_Variable_4":{"runAfter":{"Set_variable_isAborted_to_true_2":["Succeeded"]},"type":"SetVariable","inputs":{"name":"IsBuildComplete","value":true}},"Create_a_new_Record_Note_for_Release_4":{"runAfter":{"Set_Build_Complete_Variable_4":["Succeeded"]},"type":"OpenApiConnection","inputs":{"host":{"apiId":"/providers/Microsoft.PowerApps/apis/shared_commondataservice","connectionName":"shared_commondataservice_1","operationId":"PostItem_V2"},"parameters":{"dataset":"default.cds","table":"annotations","item/subject":"Aborted Build","item/notetext":"Solution: @{items('Apply_to_each_of_Master_Solution')?['syed_listofsolutions']}\nPackage Type: @{variables('PackageType')}\nBuild URL: @{outputs('Queue_a_new_build')?['body/_links/web/href']}","item/isdocument":false,"item/_ownerid_type":"","item/_objectid_value":"@triggerOutputs()?['body/syed_sourcecontrolqueueid']","item/_objectid_type":"syed_sourcecontrolqueues"},"authentication":"@parameters('$authentication')"}},"Update_a_record":{"runAfter":{"Create_a_new_Record_Note_for_Release_4":["Succeeded"]},"type":"OpenApiConnection","inputs":{"host":{"apiId":"/providers/Microsoft.PowerApps/apis/shared_commondataserviceforapps","connectionName":"shared_commondataserviceforapps","operationId":"UpdateRecord"},"parameters":{"entityName":"syed_sourcecontrolqueues","recordId":"@triggerOutputs()?['body/syed_sourcecontrolqueueid']","item/syed_status":"Build @{body('Parse_JSON_Http_Response_Build_Status_Check__2')?['result']}"},"authentication":"@parameters('$authentication')"}}},"runAfter":{"Condition_3":["Succeeded"]},"expression":{"or":[{"equals":["@body('Parse_JSON_Http_Response_Build_Status_Check__2')?['result']","canceled"]},{"equals":["@body('Parse_JSON_Http_Response_Build_Status_Check__2')?['result']","failed"]}]},"type":"If"},"Update_PowerApps_Solution_Requests_with_Build_Status":{"runAfter":{"Set_variable_Build_Status_2":["Succeeded"]},"type":"OpenApiConnection","inputs":{"host":{"apiId":"/providers/Microsoft.PowerApps/apis/shared_commondataserviceforapps","connectionName":"shared_commondataserviceforapps","operationId":"UpdateRecord"},"parameters":{"entityName":"syed_sourcecontrolqueues","recordId":"@triggerOutputs()?['body/syed_sourcecontrolqueueid']","item/syed_status":"Build @{variables('Build Status')}"},"authentication":"@parameters('$authentication')"}}},"runAfter":{"Create_a_new_Record_Note_for_Build":["Succeeded"]},"expression":"@equals(variables('IsBuildComplete'), variables('FinalState'))","limit":{"count":60,"timeout":"PT1H"},"type":"Until"},"Tag_Build_Send_an_HTTP_request_to_Azure_DevOps":{"runAfter":{"Queue_a_new_build":["Succeeded"]},"type":"OpenApiConnection","inputs":{"host":{"apiId":"/providers/Microsoft.PowerApps/apis/shared_visualstudioteamservices","connectionName":"shared_visualstudioteamservices","operationId":"HttpRequest"},"parameters":{"account":"@variables('Organisation name')","parameters/Method":"PUT","parameters/Uri":"MCOI BOSE Compass/_apis/build/builds/@{outputs('Queue_a_new_build')?['body/id']}/tags/@{items('Apply_to_each_of_Master_Solution')?['syed_listofsolutions']}?api-version=5.1"},"authentication":"@parameters('$authentication')"}}},"runAfter":{},"expression":{"not":{"equals":["@variables('isAborted')","@variables('AbortCondition')"]}},"type":"If"}},"runAfter":{"Initialize_variable_organisation_name":["Succeeded"]},"type":"Foreach"},"Initialize_variable_IsBuildComplete":{"runAfter":{"List_records_Master_Solution":["Succeeded"]},"type":"InitializeVariable","inputs":{"variables":[{"name":"IsBuildComplete","type":"boolean","value":false}]}},"Initialize_variable_Build_Status":{"runAfter":{"Initialize_variable_IsBuildComplete":["Succeeded"]},"type":"InitializeVariable","inputs":{"variables":[{"name":"Build Status","type":"string"}]}},"Initialize_variable":{"runAfter":{"Initialize_variable_Build_Status":["Succeeded"]},"type":"InitializeVariable","inputs":{"variables":[{"name":"FinalState","type":"boolean","value":true}]}},"Initialize_variable_IsManaged":{"runAfter":{"Initialize_variable":["Succeeded"]},"type":"InitializeVariable","inputs":{"variables":[{"name":"PackageType","type":"string","value":"@{null}"}]}},"Create_a_new_record":{"runAfter":{},"type":"OpenApiConnection","inputs":{"host":{"apiId":"/providers/Microsoft.PowerApps/apis/shared_commondataservice","connectionName":"shared_commondataservice_1","operationId":"PostItem_V2"},"parameters":{"dataset":"default.cds","table":"annotations","item/subject":"Flow triggered","item/isdocument":false,"item/_ownerid_type":"","item/_objectid_value":"@triggerOutputs()?['body/syed_sourcecontrolqueueid']","item/_objectid_type":"syed_sourcecontrolqueues"},"authentication":"@parameters('$authentication')"}},"Initialize_variable_Build_URL":{"runAfter":{"Initialize_variable_IsManaged":["Succeeded"]},"type":"InitializeVariable","inputs":{"variables":[{"name":"BuildURL","type":"string","value":"@{null}"}]}},"Initialize_variable_Abort_Constant":{"runAfter":{"Initialize_variable_Build_URL":["Succeeded"]},"type":"InitializeVariable","inputs":{"variables":[{"name":"AbortCondition","type":"boolean","value":true}]}},"Initialize_variable_isAborted":{"runAfter":{"Initialize_variable_Abort_Constant":["Succeeded"]},"type":"InitializeVariable","inputs":{"variables":[{"name":"isAborted","type":"boolean","value":false}]}},"Initialize_variable_organisation_name":{"runAfter":{"Initialize_variable_isAborted":["Succeeded"]},"type":"InitializeVariable","inputs":{"variables":[{"name":"Organisation name","type":"string","value":"dspdeppm"}]}}},"outputs":{}}},"schemaVersion":"1.0.0.0"}