{"properties":{"connectionReferences":{"shared_keyvault_1":{"runtimeSource":"embedded","connection":{},"api":{"name":"shared_keyvault"}}},"definition":{"$schema":"https://schema.management.azure.com/providers/Microsoft.Logic/schemas/2016-06-01/workflowdefinition.json#","contentVersion":"1.0.0.0","parameters":{"$connections":{"defaultValue":{},"type":"Object"},"$authentication":{"defaultValue":{},"type":"SecureObject"}},"triggers":{"Recurrence":{"recurrence":{"frequency":"Minute","interval":1},"type":"Recurrence"}},"actions":{"Get_Azure_Function_Master_Key":{"runAfter":{},"type":"OpenApiConnection","inputs":{"host":{"apiId":"/providers/Microsoft.PowerApps/apis/shared_keyvault","connectionName":"shared_keyvault_1","operationId":"GetSecret"},"parameters":{"secretName":"FunctionMasterKey"},"authentication":"@parameters('$authentication')"}},"Constructed_Azure_function_Url_with_Querystring":{"runAfter":{"Azure_Function_Url":["Succeeded"]},"type":"InitializeVariable","inputs":{"variables":[{"name":"Constructed Azure function Url with Querystring","type":"String","value":"@{variables('Azure Function Url')}/api/AzureFunction?D365=CRMSourceServiceUrl&D365INST=CRMSourceInstanceUrl&GU=GitUserName&GP=GitPassword&TU=TFSUser&TP=TFSPassword&AR=Scheduled"}]}},"Azure_Function_Url":{"runAfter":{"Get_Azure_Function_Master_Key":["Succeeded"]},"type":"InitializeVariable","inputs":{"variables":[{"name":"Azure Function Url","type":"String","value":"https://cicdazurefunction.azurewebsites.net"}]}},"HTTP_Trigger_to_Call_Azure_Function":{"runAfter":{"Constructed_Azure_function_Url_with_Querystring":["Succeeded"]},"type":"Http","inputs":{"method":"GET","uri":"@variables('Constructed Azure function Url with Querystring')","headers":{"x-functions-key":"@outputs('Get_Azure_Function_Master_Key')?['body/value']"}}}},"outputs":{}}},"schemaVersion":"1.0.0.0"}