{"properties":{"connectionReferences":{"shared_keyvault_1":{"runtimeSource":"embedded","connection":{},"api":{"name":"shared_keyvault"}}},"definition":{"$schema":"https://schema.management.azure.com/providers/Microsoft.Logic/schemas/2016-06-01/workflowdefinition.json#","contentVersion":"1.0.0.0","parameters":{"$connections":{"defaultValue":{},"type":"Object"},"$authentication":{"defaultValue":{},"type":"SecureObject"}},"triggers":{"Setting_Sheduled_Time_Interval_To_Run_":{"recurrence":{"frequency":"Minute","interval":2,"startTime":"2019-09-23T04:30:00Z"},"type":"Recurrence"}},"actions":{"HTTP_To_Trigger_Azure_Function_":{"runAfter":{"Azure_Function_URI_with_Querystring_parameters":["Succeeded"]},"type":"Http","inputs":{"method":"POST","uri":"@variables('Azure Function URI with QueryString')","headers":{"x-functions-key":"@body('Getting_Azure_Function_Master_Key_secret_value')?['value']"},"authentication":{"type":"Basic","username":"$CICDAutomationTools","password":"L6xz6D6fy3EG2JKPorL8T35CWx7jx4tifcspn6LiyMAfrYLwPkul7D682RAb"}}},"Azure_Function_URI_with_Querystring_parameters":{"runAfter":{"Getting_Azure_Function_Master_Key_secret_value":["Succeeded"]},"type":"InitializeVariable","inputs":{"variables":[{"name":"Azure Function URI with QueryString","type":"String","value":"https://cicdazurefunction.azurewebsites.net/api/AzureFunction?D365=CRMSourceServiceUrl&D365INST=CRMSourceServiceUrl&GU=GitUserName&GP=GitPassword&TU=TFSUser&TP=TFSPassword&AR=Scheduled"}]}},"Getting_Azure_Function_Master_Key_secret_value":{"runAfter":{},"metadata":{"flowSystemMetadata":{"swaggerOperationId":"GetSecret"}},"type":"ApiConnection","inputs":{"host":{"connection":{"name":"@parameters('$connections')['shared_keyvault_1']['connectionId']"}},"method":"get","path":"/secrets/@{encodeURIComponent('FunctionMasterKey')}/value","authentication":"@parameters('$authentication')"}}}}},"schemaVersion":"1.0.0.0"}