<?xml version="1.0"?>
<doc>
    <assembly>
        <name>Microsoft.TeamFoundation.DistributedTask.Common.Contracts</name>
    </assembly>
    <members>
        <member name="T:Microsoft.TeamFoundation.DistributedTask.Common.Contracts.DataSourceBindingBase">
            <summary>
            Represents binding of data source for the service endpoint request.
            </summary>
        </member>
        <member name="P:Microsoft.TeamFoundation.DistributedTask.Common.Contracts.DataSourceBindingBase.DataSourceName">
            <summary>
            Gets or sets the name of the data source.
            </summary>
        </member>
        <member name="P:Microsoft.TeamFoundation.DistributedTask.Common.Contracts.DataSourceBindingBase.Parameters">
            <summary>
            Gets or sets the parameters for the data source.
            </summary>
        </member>
        <member name="P:Microsoft.TeamFoundation.DistributedTask.Common.Contracts.DataSourceBindingBase.EndpointId">
            <summary>
            Gets or sets the endpoint Id.
            </summary>
        </member>
        <member name="P:Microsoft.TeamFoundation.DistributedTask.Common.Contracts.DataSourceBindingBase.Target">
            <summary>
            Gets or sets the target of the data source.
            </summary>
        </member>
        <member name="P:Microsoft.TeamFoundation.DistributedTask.Common.Contracts.DataSourceBindingBase.ResultTemplate">
            <summary>
            Gets or sets the result template.
            </summary>
        </member>
        <member name="P:Microsoft.TeamFoundation.DistributedTask.Common.Contracts.DataSourceBindingBase.RequestVerb">
            <summary>
            Gets or sets http request verb
            </summary>
        </member>
        <member name="P:Microsoft.TeamFoundation.DistributedTask.Common.Contracts.DataSourceBindingBase.RequestContent">
            <summary>
            Gets or sets http request verb
            </summary>
        </member>
        <member name="P:Microsoft.TeamFoundation.DistributedTask.Common.Contracts.DataSourceBindingBase.EndpointUrl">
            <summary>
            Gets or sets the url of the service endpoint.
            </summary>
        </member>
        <member name="P:Microsoft.TeamFoundation.DistributedTask.Common.Contracts.DataSourceBindingBase.ResultSelector">
            <summary>
            Gets or sets the result selector.
            </summary>
        </member>
        <member name="P:Microsoft.TeamFoundation.DistributedTask.Common.Contracts.DataSourceBindingBase.CallbackContextTemplate">
            <summary>
            Pagination format supported by this data source(ContinuationToken/SkipTop).
            </summary>
        </member>
        <member name="P:Microsoft.TeamFoundation.DistributedTask.Common.Contracts.DataSourceBindingBase.CallbackRequiredTemplate">
            <summary>
            Subsequent calls needed?
            </summary>
        </member>
        <member name="P:Microsoft.TeamFoundation.DistributedTask.Common.Contracts.DataSourceBindingBase.InitialContextTemplate">
            <summary>
            Defines the initial value of the query params
            </summary>
        </member>
        <member name="P:Microsoft.TeamFoundation.DistributedTask.Common.Contracts.DataSourceBindingBase.Headers">
            <summary>
            Gets or sets the authorization headers.
            </summary>
        </member>
        <member name="P:Microsoft.TeamFoundation.DistributedTask.Common.Contracts.TaskInputValidation.Expression">
            <summary>
            Conditional expression
            </summary>
        </member>
        <member name="P:Microsoft.TeamFoundation.DistributedTask.Common.Contracts.TaskInputValidation.Message">
            <summary>
            Message explaining how user can correct if validation fails
            </summary>
        </member>
    </members>
</doc>
