{"properties":{"connectionReferences":{"shared_keyvault_1":{"runtimeSource":"embedded","connection":{},"api":{"name":"shared_keyvault"}},"shared_dynamicscrmonline_1":{"runtimeSource":"embedded","connection":{},"api":{"name":"shared_dynamicscrmonline"}}},"definition":{"$schema":"https://schema.management.azure.com/providers/Microsoft.Logic/schemas/2016-06-01/workflowdefinition.json#","contentVersion":"1.0.0.0","parameters":{"$connections":{"defaultValue":{},"type":"Object"},"$authentication":{"defaultValue":{},"type":"SecureObject"}},"triggers":{"When_a_Dynamic_Source_Control_record_is_created_or_updated":{"recurrence":{"frequency":"Minute","interval":1},"splitOn":"@triggerBody()?['value']","metadata":{"flowSystemMetadata":{"swaggerOperationId":"GetOnUpdatedItems_V2"}},"type":"ApiConnection","inputs":{"host":{"connection":{"name":"@parameters('$connections')['shared_dynamicscrmonline_1']['connectionId']"}},"method":"get","path":"/v2/datasets/@{encodeURIComponent(encodeURIComponent('orgb73ad31e.crm8'))}/tables/@{encodeURIComponent(encodeURIComponent('syed_sourcecontrolqueues'))}/onupdateditems","authentication":"@parameters('$authentication')"}}},"actions":{"Condition":{"actions":{"HTTP":{"runAfter":{},"type":"Http","inputs":{"method":"GET","uri":"@variables('Azure Function URI')","headers":{"x-functions-key":"@body('Getting_Azure_Function_Master_Keyvault_secret')?['value']"}}}},"runAfter":{"Azure_Function_URI_With_QueryString_Parameters":["Succeeded"]},"expression":{"equals":["@triggerBody()?['syed_status']","Queued"]},"type":"If"},"Azure_Function_URI_With_QueryString_Parameters":{"runAfter":{"Getting_Azure_Function_Master_Keyvault_secret":["Succeeded"]},"type":"InitializeVariable","inputs":{"variables":[{"name":"Azure Function URI","type":"String","value":"https://cicdazurefunction.azurewebsites.net/api/AzureFunction?D365=CRMSourceServiceUrl&D365INST=CRMSourceInstanceUrl&GU=GitUserName&GP=GitPassword&TU=TFSUser&TP=TFSPassword&AR=WEB"}]}},"Getting_Azure_Function_Master_Keyvault_secret":{"runAfter":{},"metadata":{"flowSystemMetadata":{"swaggerOperationId":"GetSecret"}},"type":"ApiConnection","inputs":{"host":{"connection":{"name":"@parameters('$connections')['shared_keyvault_1']['connectionId']"}},"method":"get","path":"/secrets/@{encodeURIComponent('FunctionMasterKey')}/value","authentication":"@parameters('$authentication')"}}}}},"schemaVersion":"1.0.0.0"}