<ImportExportXml version="9.1.0.5220" SolutionPackageVersion="9.1" languagecode="1033" generatedBy="CrmLive" xmlns:xsi="http://www.w3.org/2001/XMLSchema-instance">
  <SolutionManifest>
    <UniqueName>MS</UniqueName>
    <LocalizedNames>
      <LocalizedName description="MS" languagecode="1033" />
    </LocalizedNames>
    <Descriptions />
    <Version>1.0</Version>
    <Managed>0</Managed>
    <Publisher>
      <UniqueName>syedamrullahmazharpublisher</UniqueName>
      <LocalizedNames>
        <LocalizedName description="Syed Amrullah Mazhar publisher" languagecode="1033" />
      </LocalizedNames>
      <Descriptions />
      <EMailAddress xsi:nil="true"></EMailAddress>
      <SupportingWebsiteUrl xsi:nil="true"></SupportingWebsiteUrl>
      <CustomizationPrefix>syed</CustomizationPrefix>
      <CustomizationOptionValuePrefix>43371</CustomizationOptionValuePrefix>
      <Addresses>
        <Address>
          <AddressNumber>1</AddressNumber>
          <AddressTypeCode>1</AddressTypeCode>
          <City xsi:nil="true"></City>
          <County xsi:nil="true"></County>
          <Country xsi:nil="true"></Country>
          <Fax xsi:nil="true"></Fax>
          <FreightTermsCode xsi:nil="true"></FreightTermsCode>
          <ImportSequenceNumber xsi:nil="true"></ImportSequenceNumber>
          <Latitude xsi:nil="true"></Latitude>
          <Line1 xsi:nil="true"></Line1>
          <Line2 xsi:nil="true"></Line2>
          <Line3 xsi:nil="true"></Line3>
          <Longitude xsi:nil="true"></Longitude>
          <Name xsi:nil="true"></Name>
          <PostalCode xsi:nil="true"></PostalCode>
          <PostOfficeBox xsi:nil="true"></PostOfficeBox>
          <PrimaryContactName xsi:nil="true"></PrimaryContactName>
          <ShippingMethodCode>1</ShippingMethodCode>
          <StateOrProvince xsi:nil="true"></StateOrProvince>
          <Telephone1 xsi:nil="true"></Telephone1>
          <Telephone2 xsi:nil="true"></Telephone2>
          <Telephone3 xsi:nil="true"></Telephone3>
          <TimeZoneRuleVersionNumber xsi:nil="true"></TimeZoneRuleVersionNumber>
          <UPSZone xsi:nil="true"></UPSZone>
          <UTCOffset xsi:nil="true"></UTCOffset>
          <UTCConversionTimeZoneCode xsi:nil="true"></UTCConversionTimeZoneCode>
        </Address>
        <Address>
          <AddressNumber>2</AddressNumber>
          <AddressTypeCode>1</AddressTypeCode>
          <City xsi:nil="true"></City>
          <County xsi:nil="true"></County>
          <Country xsi:nil="true"></Country>
          <Fax xsi:nil="true"></Fax>
          <FreightTermsCode xsi:nil="true"></FreightTermsCode>
          <ImportSequenceNumber xsi:nil="true"></ImportSequenceNumber>
          <Latitude xsi:nil="true"></Latitude>
          <Line1 xsi:nil="true"></Line1>
          <Line2 xsi:nil="true"></Line2>
          <Line3 xsi:nil="true"></Line3>
          <Longitude xsi:nil="true"></Longitude>
          <Name xsi:nil="true"></Name>
          <PostalCode xsi:nil="true"></PostalCode>
          <PostOfficeBox xsi:nil="true"></PostOfficeBox>
          <PrimaryContactName xsi:nil="true"></PrimaryContactName>
          <ShippingMethodCode>1</ShippingMethodCode>
          <StateOrProvince xsi:nil="true"></StateOrProvince>
          <Telephone1 xsi:nil="true"></Telephone1>
          <Telephone2 xsi:nil="true"></Telephone2>
          <Telephone3 xsi:nil="true"></Telephone3>
          <TimeZoneRuleVersionNumber xsi:nil="true"></TimeZoneRuleVersionNumber>
          <UPSZone xsi:nil="true"></UPSZone>
          <UTCOffset xsi:nil="true"></UTCOffset>
          <UTCConversionTimeZoneCode xsi:nil="true"></UTCConversionTimeZoneCode>
        </Address>
      </Addresses>
    </Publisher>
    <RootComponents>
      <RootComponent type="1" schemaName="syed_mastersolutions" behavior="0" />
      <RootComponent type="1" schemaName="syed_solutiondetail" behavior="0" />
      <RootComponent type="1" schemaName="syed_sourcecontrolqueue" behavior="0" />
      <RootComponent type="29" id="{49c12765-897c-e911-a95d-000d3af2cb54}" behavior="0" />
      <RootComponent type="29" id="{542651b9-0033-e911-a97b-000d3a30da56}" behavior="0" />
      <RootComponent type="60" id="{30c6195e-ef32-4dcb-8b13-cc8775ca1621}" behavior="0" />
      <RootComponent type="60" id="{974c50d8-5a63-42aa-9352-9d6b7c1fccd0}" behavior="0" />
      <RootComponent type="60" id="{be8f7d41-f3a0-466c-a09e-aaa15864d60c}" behavior="0" />
      <RootComponent type="61" schemaName="syed_/HTML/SourceControlQueue" behavior="0" />
      <RootComponent type="61" schemaName="syed_/Images/Submit-12" behavior="0" />
      <RootComponent type="61" schemaName="syed_/Images/Submit-32" behavior="0" />
      <RootComponent type="61" schemaName="syed_/Scripts/SolutionDetails.EventHandler" behavior="0" />
      <RootComponent type="61" schemaName="syed_/Scripts/SourceControlQueue/EventHandler" behavior="0" />
    </RootComponents>
    <MissingDependencies>
      <MissingDependency>
        <Required key="0" type="66" schemaName="MscrmControls.Grid.GridControl" displayName="MscrmControls.Grid.GridControl" solution="BaseCustomControlsCore (9.0.1905.1047)" />
        <Dependent key="1" type="60" displayName="Information" parentDisplayName="Dynamics Source Control" id="{be8f7d41-f3a0-466c-a09e-aaa15864d60c}" />
      </MissingDependency>
      <MissingDependency>
        <Required key="2" type="61" schemaName="msdyn_/Images/refresh.png" displayName="msdyn_/Images/refresh.png" solution="ActivityFeedsCore (9.0.0.0)" />
        <Dependent key="3" type="50" schemaName="syed_sourcecontrolqueue:RibbonDiffXml" parentSchemaName="ribboncustomization" parentDisplayName="Application Ribbons" />
      </MissingDependency>
    </MissingDependencies>
  </SolutionManifest>
</ImportExportXml>