{"properties":{"connectionReferences":{"shared_commondataserviceforapps":{"runtimeSource":"embedded","connection":{},"api":{"name":"shared_commondataserviceforapps"}},"shared_visualstudioteamservices":{"runtimeSource":"embedded","connection":{},"api":{"name":"shared_visualstudioteamservices"}},"shared_commondataservice_1":{"runtimeSource":"embedded","connection":{},"api":{"name":"shared_commondataservice"}}},"definition":{"$schema":"https://schema.management.azure.com/providers/Microsoft.Logic/schemas/2016-06-01/workflowdefinition.json#","contentVersion":"1.0.0.0","parameters":{"$connections":{"defaultValue":{},"type":"Object"},"$authentication":{"defaultValue":{},"type":"SecureObject"}},"triggers":{"When_a_record_is_created,_updated_or_deleted":{"type":"OpenApiConnectionWebhook","inputs":{"host":{"connectionName":"shared_commondataserviceforapps","operationId":"SubscribeWebhookTrigger","apiId":"/providers/Microsoft.PowerApps/apis/shared_commondataserviceforapps"},"parameters":{"subscriptionRequest/message":3,"subscriptionRequest/entityname":"syed_sourcecontrolqueue","subscriptionRequest/scope":4,"subscriptionRequest/filteringattributes":"syed_status","subscriptionRequest/filterexpression":"syed_status eq 'Ready for release'"},"authentication":"@parameters('$authentication')"}}},"actions":{"List_records_Master_Solution":{"runAfter":{"Create_a_new_record":["Succeeded"]},"type":"OpenApiConnection","inputs":{"host":{"connectionName":"shared_commondataserviceforapps","operationId":"ListRecords","apiId":"/providers/Microsoft.PowerApps/apis/shared_commondataserviceforapps"},"parameters":{"entityName":"syed_solutiondetails","$filter":"_syed_listofsolutionid_value eq @{triggerOutputs()?['body/syed_sourcecontrolqueueid']}"},"authentication":"@parameters('$authentication')"}},"Apply_to_each_of_Master_Solution":{"foreach":"@outputs('List_records_Master_Solution')?['body/value']","actions":{"Do_until":{"actions":{"Send_an_HTTP_request_to_Azure_DevOps":{"runAfter":{},"type":"OpenApiConnection","inputs":{"host":{"connectionName":"shared_visualstudioteamservices","operationId":"HttpRequest","apiId":"/providers/Microsoft.PowerApps/apis/shared_visualstudioteamservices"},"parameters":{"account":"dspdeppm","parameters/Method":"GET","parameters/Uri":"MCOI BOSE Compass/_apis/build/builds/@{outputs('Queue_a_new_build')?['body/id']}"},"authentication":"@parameters('$authentication')"}},"Parse_JSON_Http_Response_Build_Status_Check_":{"runAfter":{"Send_an_HTTP_request_to_Azure_DevOps":["Succeeded"]},"type":"ParseJson","inputs":{"content":"@outputs('Send_an_HTTP_request_to_Azure_DevOps')?['body']","schema":{"type":"object","properties":{"status":{"type":"string"}}}}},"Condition":{"actions":{"Create_a_new_release":{"runAfter":{},"type":"OpenApiConnection","inputs":{"host":{"connectionName":"shared_visualstudioteamservices","operationId":"CreateRelease","apiId":"/providers/Microsoft.PowerApps/apis/shared_visualstudioteamservices"},"parameters":{"account":"dspdeppm","project":"MCOI BOSE Compass","releaseDefId":"18","releaseStartMetadata/IsDraft":false,"releaseStartMetadata/Reason":"Manual","releaseStartMetadata/Variables":[{"Name":"SolutionsName","Value":"@items('Apply_to_each_of_Master_Solution')?['syed_listofsolutions']"},{"Name":"ReleaseSolutionName","Value":"@items('Apply_to_each_of_Master_Solution')?['syed_solutionfilename']"},{"Name":"ConfigIds","Value":"@triggerOutputs()?['body/syed_sourcecontrolqueueid']"},{"Name":"PackageType","Value":"@variables('PackageType')"}]},"authentication":"@parameters('$authentication')"}},"Set_Build_Complete_Variable":{"runAfter":{"Create_a_new_Record_Note_for_Release":["Succeeded"]},"type":"SetVariable","inputs":{"name":"IsBuildComplete","value":true}},"Create_a_new_Record_Note_for_Release":{"runAfter":{"Create_a_new_release":["Succeeded"]},"type":"OpenApiConnection","inputs":{"host":{"connectionName":"shared_commondataservice_1","operationId":"PostItem_V2","apiId":"/providers/Microsoft.PowerApps/apis/shared_commondataservice"},"parameters":{"dataset":"default.cds","table":"annotations","item/subject":"Release completed","item/notetext":"Solution: @{items('Apply_to_each_of_Master_Solution')?['syed_listofsolutions']}\nPackage Type: @{variables('PackageType')}\nBuild URL: @{outputs('Queue_a_new_build')?['body/_links/web/href']}\nRelease URL: @{variables('BuildURL')}_releaseProgress?_a=release-pipeline-progress&releaseId=@{outputs('Create_a_new_release')?['body/Id']}","item/isdocument":false,"item/_ownerid_type":"","item/_objectid_value":"@triggerOutputs()?['body/syed_sourcecontrolqueueid']","item/_objectid_type":"syed_sourcecontrolqueues"},"authentication":"@parameters('$authentication')"}}},"runAfter":{"Set_variable_Build_Stsatus":["Succeeded"]},"else":{"actions":{"Delay":{"runAfter":{},"type":"Wait","inputs":{"interval":{"count":39,"unit":"Second"}}}}},"expression":{"equals":["@variables('Build Status')","completed"]},"type":"If"},"Set_variable_Build_Stsatus":{"runAfter":{"Parse_JSON_Http_Response_Build_Status_Check_":["Succeeded"]},"type":"SetVariable","inputs":{"name":"Build Status","value":"@body('Parse_JSON_Http_Response_Build_Status_Check_')?['status']"}}},"runAfter":{"Create_a_new_Record_Note_for_Build":["Succeeded"]},"expression":"@equals(variables('IsBuildComplete'), variables('FinalState'))","limit":{"count":60,"timeout":"PT1H"},"type":"Until"},"Set_Build_Complete_Variable_to_false":{"runAfter":{"Queue_a_new_build":["Succeeded"]},"type":"SetVariable","inputs":{"name":"IsBuildComplete","value":false}},"Queue_a_new_build":{"runAfter":{"Set_string_value_to_IsManaged":["Succeeded"]},"type":"OpenApiConnection","inputs":{"host":{"connectionName":"shared_visualstudioteamservices","operationId":"QueueNewBuild","apiId":"/providers/Microsoft.PowerApps/apis/shared_visualstudioteamservices"},"parameters":{"account":"dspdeppm","project":"MCOI BOSE Compass","buildDefId":"198","buildDetails/sourceBranch":"@triggerOutputs()?['body/syed_branch']","buildDetails/parameters":"{\n  \"SolutionsName\": \"@{items('Apply_to_each_of_Master_Solution')?['syed_listofsolutions']}\",\n  \"SolutionsFileName\": \"@{items('Apply_to_each_of_Master_Solution')?['syed_solutionfilename']}\",\n  \"ConfigIds\": \"@{triggerOutputs()?['body/syed_sourcecontrolqueueid']}\",\n  \"PackageType\": \"@{variables('PackageType')}\"\n}"},"authentication":"@parameters('$authentication')"}},"Set_variable_Package_type":{"runAfter":{},"type":"SetVariable","inputs":{"name":"PackageType","value":"@{items('Apply_to_each_of_Master_Solution')?['syed_exportas']}"}},"Set_string_value_to_IsManaged":{"actions":{"Set_IsManaged_to_Managed":{"runAfter":{},"type":"SetVariable","inputs":{"name":"PackageType","value":"Managed"}}},"runAfter":{"Set_variable_Package_type":["Succeeded"]},"else":{"actions":{"Set_IsManaged_to_Unmanaged":{"runAfter":{},"type":"SetVariable","inputs":{"name":"PackageType","value":"Unmanaged"}}}},"expression":{"equals":["@variables('PackageType')","True"]},"type":"If"},"Create_a_new_Record_Note_for_Build":{"runAfter":{"Set_variable_Build_Url":["Succeeded"]},"type":"OpenApiConnection","inputs":{"host":{"connectionName":"shared_commondataservice_1","operationId":"PostItem_V2","apiId":"/providers/Microsoft.PowerApps/apis/shared_commondataservice"},"parameters":{"dataset":"default.cds","table":"annotations","item/subject":"Build completed","item/notetext":"Solution Name: @{items('Apply_to_each_of_Master_Solution')?['syed_listofsolutions']}\nPackage Type: @{variables('PackageType')}\nBuild URL: @{outputs('Queue_a_new_build')?['body/_links/web/href']}","item/isdocument":false,"item/_ownerid_type":"","item/_objectid_value":"@triggerOutputs()?['body/syed_sourcecontrolqueueid']","item/_objectid_type":"syed_sourcecontrolqueues"},"authentication":"@parameters('$authentication')"}},"Set_variable_Build_Url":{"runAfter":{"Set_Build_Complete_Variable_to_false":["Succeeded"]},"type":"SetVariable","inputs":{"name":"BuildURL","value":"@{substring(outputs('Queue_a_new_build')?['body/_links/web/href'], 0, 71)}"}}},"runAfter":{"Initialize_variable_Build_URL":["Succeeded"]},"type":"Foreach"},"Initialize_variable_IsBuildComplete":{"runAfter":{"List_records_Master_Solution":["Succeeded"]},"type":"InitializeVariable","inputs":{"variables":[{"name":"IsBuildComplete","type":"boolean","value":false}]}},"Initialize_variable_Build_Status":{"runAfter":{"Initialize_variable_IsBuildComplete":["Succeeded"]},"type":"InitializeVariable","inputs":{"variables":[{"name":"Build Status","type":"string"}]}},"Initialize_variable":{"runAfter":{"Initialize_variable_Build_Status":["Succeeded"]},"type":"InitializeVariable","inputs":{"variables":[{"name":"FinalState","type":"boolean","value":true}]}},"Initialize_variable_IsManaged":{"runAfter":{"Initialize_variable":["Succeeded"]},"type":"InitializeVariable","inputs":{"variables":[{"name":"PackageType","type":"string","value":"@{null}"}]}},"Create_a_new_record":{"runAfter":{},"type":"OpenApiConnection","inputs":{"host":{"connectionName":"shared_commondataservice_1","operationId":"PostItem_V2","apiId":"/providers/Microsoft.PowerApps/apis/shared_commondataservice"},"parameters":{"dataset":"default.cds","table":"annotations","item/subject":"Flow triggered","item/isdocument":false,"item/_ownerid_type":"","item/_objectid_value":"@triggerOutputs()?['body/syed_sourcecontrolqueueid']","item/_objectid_type":"syed_sourcecontrolqueues"},"authentication":"@parameters('$authentication')"}},"Initialize_variable_Build_URL":{"runAfter":{"Initialize_variable_IsManaged":["Succeeded"]},"type":"InitializeVariable","inputs":{"variables":[{"name":"BuildURL","type":"string","value":"@{null}"}]}}},"outputs":{}}},"schemaVersion":"1.0.0.0"}