{"properties":{"connectionReferences":{"shared_keyvault_1":{"runtimeSource":"embedded","connection":{},"api":{"name":"shared_keyvault"}},"shared_commondataserviceforapps":{"runtimeSource":"embedded","connection":{},"api":{"name":"shared_commondataserviceforapps"}}},"definition":{"$schema":"https://schema.management.azure.com/providers/Microsoft.Logic/schemas/2016-06-01/workflowdefinition.json#","contentVersion":"1.0.0.0","parameters":{"$connections":{"defaultValue":{},"type":"Object"},"$authentication":{"defaultValue":{},"type":"SecureObject"}},"triggers":{"When_a_record_is_created,_updated_or_deleted":{"type":"OpenApiConnectionWebhook","inputs":{"host":{"connectionName":"shared_commondataserviceforapps","operationId":"SubscribeWebhookTrigger","apiId":"/providers/Microsoft.PowerApps/apis/shared_commondataserviceforapps"},"parameters":{"subscriptionRequest/message":4,"subscriptionRequest/entityname":"syed_sourcecontrolqueue","subscriptionRequest/scope":4,"subscriptionRequest/filteringattributes":"syed_status","subscriptionRequest/filterexpression":"syed_status eq 'Queued'"},"authentication":"@parameters('$authentication')"}}},"actions":{"Get_Azure_Function_Master_Key":{"runAfter":{},"type":"OpenApiConnection","inputs":{"host":{"connectionName":"shared_keyvault_1","operationId":"GetSecret","apiId":"/providers/Microsoft.PowerApps/apis/shared_keyvault"},"parameters":{"secretName":"FunctionMasterKey"},"authentication":"@parameters('$authentication')"}},"Constructed_Azure_function_Url_with_Querystring":{"runAfter":{"Azure_Function_Url":["Succeeded"]},"type":"InitializeVariable","inputs":{"variables":[{"name":"Constructed Azure function Url with Querystring","type":"String","value":"@{variables('Azure Function Url')}/api/AzureFunction?D365=CRMSourceServiceUrl&D365INST=CRMSourceInstanceUrl&GU=GitUserName&GP=GitPassword&TU=TFSUser&TP=TFSPassword&AR=WEB"}]}},"Condition":{"actions":{"HTTP":{"runAfter":{},"type":"Http","inputs":{"method":"GET","uri":"@variables('Constructed Azure function Url with Querystring')","headers":{"x-functions-key":"@outputs('Get_Azure_Function_Master_Key')?['body/value']"}}}},"runAfter":{"Constructed_Azure_function_Url_with_Querystring":["Succeeded"]},"expression":{"equals":["@triggerOutputs()?['body/syed_status']","Queued"]},"type":"If"},"Azure_Function_Url":{"runAfter":{"Get_Azure_Function_Master_Key":["Succeeded"]},"type":"InitializeVariable","inputs":{"variables":[{"name":"Azure Function Url","type":"String","value":"https://dd365compasstest.azurewebsites.net"}]}}},"outputs":{}}},"schemaVersion":"1.0.0.0"}