<ImportExportXml version="9.1.0.14145" SolutionPackageVersion="9.1" languagecode="1033" generatedBy="CrmLive" xmlns:xsi="http://www.w3.org/2001/XMLSchema-instance">
  <SolutionManifest>
    <UniqueName>DSquare365Flows</UniqueName>
    <LocalizedNames>
      <LocalizedName description="PowerApps 365 Flows" languagecode="1033" />
    </LocalizedNames>
    <Descriptions />
    <Version>1.0.0.7</Version>
    <Managed>1</Managed>
    <Publisher>
      <UniqueName>syedamrullahmazharpublisher</UniqueName>
      <LocalizedNames>
        <LocalizedName description="Syed Amrullah Mazhar publisher" languagecode="1033" />
      </LocalizedNames>
      <Descriptions />
      <EMailAddress xsi:nil="true"></EMailAddress>
      <SupportingWebsiteUrl xsi:nil="true"></SupportingWebsiteUrl>
      <CustomizationPrefix>syed</CustomizationPrefix>
      <CustomizationOptionValuePrefix>43371</CustomizationOptionValuePrefix>
      <Addresses>
        <Address>
          <AddressNumber>1</AddressNumber>
          <AddressTypeCode>1</AddressTypeCode>
          <City xsi:nil="true"></City>
          <County xsi:nil="true"></County>
          <Country xsi:nil="true"></Country>
          <Fax xsi:nil="true"></Fax>
          <FreightTermsCode xsi:nil="true"></FreightTermsCode>
          <ImportSequenceNumber xsi:nil="true"></ImportSequenceNumber>
          <Latitude xsi:nil="true"></Latitude>
          <Line1 xsi:nil="true"></Line1>
          <Line2 xsi:nil="true"></Line2>
          <Line3 xsi:nil="true"></Line3>
          <Longitude xsi:nil="true"></Longitude>
          <Name xsi:nil="true"></Name>
          <PostalCode xsi:nil="true"></PostalCode>
          <PostOfficeBox xsi:nil="true"></PostOfficeBox>
          <PrimaryContactName xsi:nil="true"></PrimaryContactName>
          <ShippingMethodCode>1</ShippingMethodCode>
          <StateOrProvince xsi:nil="true"></StateOrProvince>
          <Telephone1 xsi:nil="true"></Telephone1>
          <Telephone2 xsi:nil="true"></Telephone2>
          <Telephone3 xsi:nil="true"></Telephone3>
          <TimeZoneRuleVersionNumber xsi:nil="true"></TimeZoneRuleVersionNumber>
          <UPSZone xsi:nil="true"></UPSZone>
          <UTCOffset xsi:nil="true"></UTCOffset>
          <UTCConversionTimeZoneCode xsi:nil="true"></UTCConversionTimeZoneCode>
        </Address>
        <Address>
          <AddressNumber>2</AddressNumber>
          <AddressTypeCode>1</AddressTypeCode>
          <City xsi:nil="true"></City>
          <County xsi:nil="true"></County>
          <Country xsi:nil="true"></Country>
          <Fax xsi:nil="true"></Fax>
          <FreightTermsCode xsi:nil="true"></FreightTermsCode>
          <ImportSequenceNumber xsi:nil="true"></ImportSequenceNumber>
          <Latitude xsi:nil="true"></Latitude>
          <Line1 xsi:nil="true"></Line1>
          <Line2 xsi:nil="true"></Line2>
          <Line3 xsi:nil="true"></Line3>
          <Longitude xsi:nil="true"></Longitude>
          <Name xsi:nil="true"></Name>
          <PostalCode xsi:nil="true"></PostalCode>
          <PostOfficeBox xsi:nil="true"></PostOfficeBox>
          <PrimaryContactName xsi:nil="true"></PrimaryContactName>
          <ShippingMethodCode>1</ShippingMethodCode>
          <StateOrProvince xsi:nil="true"></StateOrProvince>
          <Telephone1 xsi:nil="true"></Telephone1>
          <Telephone2 xsi:nil="true"></Telephone2>
          <Telephone3 xsi:nil="true"></Telephone3>
          <TimeZoneRuleVersionNumber xsi:nil="true"></TimeZoneRuleVersionNumber>
          <UPSZone xsi:nil="true"></UPSZone>
          <UTCOffset xsi:nil="true"></UTCOffset>
          <UTCConversionTimeZoneCode xsi:nil="true"></UTCConversionTimeZoneCode>
        </Address>
      </Addresses>
    </Publisher>
    <RootComponents>
      <RootComponent type="29" id="{2e9a159a-156e-ea11-a811-000d3a8c0c59}" behavior="0" />
      <RootComponent type="29" id="{3c553bbe-eb1f-ea11-a810-000d3af057dd}" behavior="0" />
      <RootComponent type="29" id="{788d6b4d-ea1f-ea11-a810-000d3af05a4b}" behavior="0" />
    </RootComponents>
    <MissingDependencies>
      <MissingDependency>
        <Required key="0" type="1" schemaName="syed_solutiondetail" displayName="Master Solution" solution="Dsquare365 (1.2.0.10)" />
        <Dependent key="1" type="29" displayName="DD365 Trigger Build and Release" id="{2e9a159a-156e-ea11-a811-000d3a8c0c59}" />
      </MissingDependency>
      <MissingDependency>
        <Required key="2" type="1" schemaName="syed_sourcecontrolqueue" displayName="PowerApps Solution Request" solution="Dsquare365 (1.2.0.10)" />
        <Dependent key="1" type="29" displayName="DD365 Trigger Build and Release" id="{2e9a159a-156e-ea11-a811-000d3a8c0c59}" />
      </MissingDependency>
      <MissingDependency>
        <Required key="2" type="1" schemaName="syed_sourcecontrolqueue" displayName="PowerApps Solution Request" solution="Dsquare365 (1.2.0.10)" />
        <Dependent key="3" type="29" displayName="DD365 Trigger azure function on create/update" id="{788d6b4d-ea1f-ea11-a810-000d3af05a4b}" />
      </MissingDependency>
      <MissingDependency>
        <Required key="4" type="2" schemaName="syed_status" displayName="Queue Status" parentSchemaName="syed_sourcecontrolqueue" parentDisplayName="PowerApps Solution Request" solution="Dsquare365 (1.2.0.10)" />
        <Dependent key="3" type="29" displayName="DD365 Trigger azure function on create/update" id="{788d6b4d-ea1f-ea11-a810-000d3af05a4b}" />
      </MissingDependency>
      <MissingDependency>
        <Required key="4" type="2" schemaName="syed_status" displayName="Queue Status" parentSchemaName="syed_sourcecontrolqueue" parentDisplayName="PowerApps Solution Request" solution="Dsquare365 (1.2.0.10)" />
        <Dependent key="1" type="29" displayName="DD365 Trigger Build and Release" id="{2e9a159a-156e-ea11-a811-000d3a8c0c59}" />
      </MissingDependency>
    </MissingDependencies>
  </SolutionManifest>
</ImportExportXml>