{"name":"5249f0c6-ef1c-48ae-8d2a-8f63bf8b12cd","id":"/providers/Microsoft.Flow/flows/5249f0c6-ef1c-48ae-8d2a-8f63bf8b12cd","type":"Microsoft.Flow/flows","properties":{"apiId":"/providers/Microsoft.PowerApps/apis/shared_logicflows","displayName":"Copy of - DD365","definition":{"metadata":{"workflowEntityId":null,"creator":{"id":"624bcded-2c2f-45a2-be40-ab9ddedf8675","type":"User","tenantId":"d9a1b506-a006-4359-966b-696cb2dad64d"},"provisioningMethod":"FromDefinition","failureAlertSubscription":true,"clientLastModifiedTime":"2019-09-26T11:06:28.5440234Z"},"$schema":"https://schema.management.azure.com/providers/Microsoft.Logic/schemas/2016-06-01/workflowdefinition.json#","contentVersion":"1.0.0.0","parameters":{"$connections":{"defaultValue":{},"type":"Object"},"$authentication":{"defaultValue":{},"type":"SecureObject"}},"triggers":{"Recurrence":{"recurrence":{"frequency":"Hour","interval":1,"startTime":"2019-09-23T04:30:00.000Z"},"type":"Recurrence"}},"actions":{"HTTP":{"runAfter":{"Initialize_variable_2":["Succeeded"]},"type":"Http","inputs":{"method":"POST","uri":"@{variables('Web Job URI')}@{variables('Details')}","authentication":{"type":"Basic","username":"$CICDAutomationTools","password":"L6xz6D6fy3EG2JKPorL8T35CWx7jx4tifcspn6LiyMAfrYLwPkul7D682RAb"}}},"Initialize_variable":{"runAfter":{"TFSUser":["Succeeded"]},"type":"InitializeVariable","inputs":{"variables":[{"name":"Details","type":"String","value":"D365=@{body('CRMOrgnizationURL')?['value']} DU=@{body('CRMUserName')?['value']} DP=@{body('CRMSourcePassword')?['value']} GU=@{body('GitUserName')?['value']} GP=@{body('GitPassword')?['value']} TU=@{body('TFSUser')?['value']} TP=@{body('TFSPassword')?['value']} AR=Scheduled"}]}},"CRMOrgnizationURL":{"runAfter":{},"metadata":{"flowSystemMetadata":{"swaggerOperationId":"GetSecret"}},"type":"ApiConnection","inputs":{"host":{"connection":{"name":"@parameters('$connections')['shared_keyvault']['connectionId']"},"api":{"runtimeUrl":"https://india-001.azure-apim.net/apim/keyvault"}},"method":"get","path":"/secrets/@{encodeURIComponent('CRMSourceInstanceUrl')}/value","authentication":"@parameters('$authentication')"}},"CRMUserName":{"runAfter":{"CRMOrgnizationURL":["Succeeded"]},"metadata":{"flowSystemMetadata":{"swaggerOperationId":"GetSecret"}},"type":"ApiConnection","inputs":{"host":{"connection":{"name":"@parameters('$connections')['shared_keyvault']['connectionId']"},"api":{"runtimeUrl":"https://india-001.azure-apim.net/apim/keyvault"}},"method":"get","path":"/secrets/@{encodeURIComponent('CRMSourceUserName')}/value","authentication":"@parameters('$authentication')"}},"CRMSourcePassword":{"runAfter":{"CRMUserName":["Succeeded"]},"metadata":{"flowSystemMetadata":{"swaggerOperationId":"GetSecret"}},"type":"ApiConnection","inputs":{"host":{"connection":{"name":"@parameters('$connections')['shared_keyvault']['connectionId']"},"api":{"runtimeUrl":"https://india-001.azure-apim.net/apim/keyvault"}},"method":"get","path":"/secrets/@{encodeURIComponent('CRMSourcePassword')}/value","authentication":"@parameters('$authentication')"}},"GitUserName":{"runAfter":{"CRMSourcePassword":["Succeeded"]},"metadata":{"flowSystemMetadata":{"swaggerOperationId":"GetSecret"}},"type":"ApiConnection","inputs":{"host":{"connection":{"name":"@parameters('$connections')['shared_keyvault']['connectionId']"},"api":{"runtimeUrl":"https://india-001.azure-apim.net/apim/keyvault"}},"method":"get","path":"/secrets/@{encodeURIComponent('GitUserName')}/value","authentication":"@parameters('$authentication')"}},"GitPassword":{"runAfter":{"GitUserName":["Succeeded"]},"metadata":{"flowSystemMetadata":{"swaggerOperationId":"GetSecret"}},"type":"ApiConnection","inputs":{"host":{"connection":{"name":"@parameters('$connections')['shared_keyvault']['connectionId']"},"api":{"runtimeUrl":"https://india-001.azure-apim.net/apim/keyvault"}},"method":"get","path":"/secrets/@{encodeURIComponent('GitPassword')}/value","authentication":"@parameters('$authentication')"}},"TFSPassword":{"runAfter":{"GitPassword":["Succeeded"]},"metadata":{"flowSystemMetadata":{"swaggerOperationId":"GetSecret"}},"type":"ApiConnection","inputs":{"host":{"connection":{"name":"@parameters('$connections')['shared_keyvault']['connectionId']"},"api":{"runtimeUrl":"https://india-001.azure-apim.net/apim/keyvault"}},"method":"get","path":"/secrets/@{encodeURIComponent('TFSPassword')}/value","authentication":"@parameters('$authentication')"}},"TFSUser":{"runAfter":{"TFSPassword":["Succeeded"]},"metadata":{"flowSystemMetadata":{"swaggerOperationId":"GetSecret"}},"type":"ApiConnection","inputs":{"host":{"connection":{"name":"@parameters('$connections')['shared_keyvault']['connectionId']"},"api":{"runtimeUrl":"https://india-001.azure-apim.net/apim/keyvault"}},"method":"get","path":"/secrets/@{encodeURIComponent('TFSUser')}/value","authentication":"@parameters('$authentication')"}},"Initialize_variable_2":{"runAfter":{"Initialize_variable":["Succeeded"]},"type":"InitializeVariable","inputs":{"variables":[{"name":"Web Job URI","type":"String","value":"https://cicdautomationtools.scm.azurewebsites.net/api/triggeredwebjobs/CICDTool/run/?arguments="}]}}}},"connectionReferences":{"shared_keyvault":{"connectionName":"028242c6140842c5b3f92799f0dc0524","source":"Embedded","id":"/providers/Microsoft.PowerApps/apis/shared_keyvault","tier":"NotSpecified"}},"flowFailureAlertSubscribed":false}}