{
  "IsEncrypted": false,
  "Values": {
    "AzureWebJobsDashboard": "DefaultEndpointsProtocol=https;AccountName=cicdtoolstorage;AccountKey=VZo78BsMttdrUmxk809QqxjIItb43NAcHaYdItiWmT4JwUqcLDHyrGLTUJw1sH/izcq+UpVr8WX2a69euoT6Lg==",
    "WEBSITE_SLOT_NAME": "Production",
    "FUNCTIONS_EXTENSION_VERSION": "~1",
    "ClientApplicationSecret": "Iwb20H]R17Bt:d@yWGSyuzGH=Cad86U6",
    "ScmType": "None",
    "WEBSITE_AUTH_ENABLED": "False",
    "CRMSourcePassword": "",
    "TFSPassword": "",
    "REMOTEDEBUGGINGVERSION": "16.0.28729.10",
    "CRMSourceServiceUrl": "",
    "FUNCTIONS_RUNTIME_SCALE_MONITORING_ENABLED": "0",
    "APPINSIGHTS_INSTRUMENTATIONKEY": "da7df1ec-08dd-4f54-9830-bb2f37ae0f4e",
    "BASESECRETURI": "https://cicdtoolkeys.vault.azure.net/",
    "SolutionCheckerAppClientId": "b92c4c78-376f-4029-b560-847a2cca1635",
    "TenantId": "d9a1b506-a006-4359-966b-696cb2dad64d",
    "GitUserName": "",
    "WEBSITE_AUTH_AUTO_AAD": "False",
    "CRMSourceInstanceUrl": "",
    "AzureWebJobsStorage": "DefaultEndpointsProtocol=https;AccountName=cicdtoolstorage;AccountKey=VZo78BsMttdrUmxk809QqxjIItb43NAcHaYdItiWmT4JwUqcLDHyrGLTUJw1sH/izcq+UpVr8WX2a69euoT6Lg==",
    "GitPassword": "",
    "CRMSourceUserName": "",
    "WEBSITE_AUTH_LOGOUT_PATH": "/.auth/logout",
    "TFSUser": "",
    "WEBSITE_SITE_NAME": "CICDAzureFunction"
  }
}